D,date,season,year,month,holiday,weekday,workingday,weathersit,temperature,atemp,humidity,windspeed,casual,registered,count
1,1/1/2011,1.00,0.00,1.00,0.00,6.00,0.00,2,0.34417,0.363625,0.805833,0.160446,331.00,654.00,985.00
2,1/2/2011,1.00,0.00,1.00,0.00,0.00,0.00,2,0.36348,0.353739,0.696087,0.248539,131.00,670.00,801.00
3,1/3/2011,1.00,0.00,1.00,0.00,1.00,1.00,1,0.19636,0.189405,0.437273,0.248309,120.00,1229.00,1349.00
4,1/4/2011,1.00,0.00,1.00,0.00,2.00,1.00,1,0.20000,0.212122,0.590435,0.160296,108.00,1454.00,1562.00
5,1/5/2011,1.00,0.00,1.00,0.00,3.00,1.00,1,0.22696,0.22927,0.436957,0.186900,82.00,1518.00,1600.00
6,1/6/2011,1.00,0.00,1.00,0.00,4.00,1.00,1,0.20435,0.233209,0.518261,0.089565,88.00,1518.00,1606.00
7,1/7/2011,1.00,0.00,1.00,0.00,5.00,1.00,2,0.19652,0.208839,0.498696,0.168726,148.00,1362.00,1510.00
8,1/8/2011,1.00,0.00,1.00,0.00,6.00,0.00,2,0.16500,0.162254,0.535833,0.266804,68.00,891.00,959.00
9,1/9/2011,1.00,0.00,1.00,0.00,0.00,0.00,1,0.13833,0.116175,0.434167,0.361950,54.00,768.00,822.00
10,1/10/2011,1.00,0.00,1.00,0.00,1.00,1.00,1,0.15083,0.150888,0.482917,0.223267,41.00,1280.00,1321.00
11,1/11/2011,1.00,0.00,1.00,0.00,2.00,1.00,2,0.16909,0.191464,0.686364,0.122132,43.00,1220.00,1263.00
12,1/12/2011,1.00,0.00,1.00,0.00,3.00,1.00,1,0.17273,0.160473,0.599545,0.304627,25.00,1137.00,1162.00
13,1/13/2011,1.00,0.00,1.00,0.00,4.00,1.00,1,0.16500,0.150883,0.470417,0.301000,38.00,1368.00,1406.00
14,1/14/2011,1.00,0.00,1.00,0.00,5.00,1.00,1,0.16087,0.188413,0.537826,0.126548,54.00,1367.00,1421.00
15,1/15/2011,1.00,0.00,1.00,0.00,6.00,0.00,2,0.23333,0.248112,0.498750,0.157963,222.00,1026.00,1248.00
16,1/16/2011,1.00,0.00,1.00,0.00,0.00,0.00,1,0.23167,0.234217,0.483750,0.188433,251.00,953.00,1204.00
17,1/17/2011,1.00,0.00,1.00,1.00,1.00,0.00,2,0.17583,0.176771,0.537500,0.194017,117.00,883.00,1000.00
18,1/18/2011,1.00,0.00,1.00,0.00,2.00,1.00,2,0.21667,0.232333,0.861667,0.146775,9.00,674.00,683.00
19,1/19/2011,1.00,0.00,1.00,0.00,3.00,1.00,2,0.29217,0.298422,0.741739,0.208317,78.00,1572.00,1650.00
20,1/20/2011,1.00,0.00,1.00,0.00,4.00,1.00,2,0.26167,0.25505,0.538333,0.195904,83.00,1844.00,1927.00
21,1/21/2011,1.00,0.00,1.00,0.00,5.00,1.00,1,0.17750,0.157833,0.457083,0.353242,75.00,1468.00,1543.00
22,1/22/2011,1.00,0.00,1.00,0.00,6.00,0.00,1,0.05913,0.0790696,0.400000,0.171970,93.00,888.00,981.00
23,1/23/2011,1.00,0.00,1.00,0.00,0.00,0.00,1,0.09652,0.0988391,0.436522,0.246600,150.00,836.00,986.00
24,1/24/2011,1.00,0.00,1.00,0.00,1.00,1.00,1,0.09739,0.11793,0.491739,0.158330,86.00,1330.00,1416.00
25,1/25/2011,1.00,0.00,1.00,0.00,2.00,1.00,2,0.22348,0.234526,0.616957,0.129796,186.00,1799.00,1985.00
26,1/26/2011,1.00,0.00,1.00,0.00,3.00,1.00,3,0.21750,0.2036,0.862500,0.293850,34.00,472.00,506.00
27,1/27/2011,1.00,0.00,1.00,0.00,4.00,1.00,1,0.19500,0.2197,0.687500,0.113837,15.00,416.00,431.00
28,1/28/2011,1.00,0.00,1.00,0.00,5.00,1.00,2,0.20348,0.223317,0.793043,0.123300,38.00,1129.00,1167.00
29,1/29/2011,1.00,0.00,1.00,0.00,6.00,0.00,1,0.19652,0.212126,0.651739,0.145365,123.00,975.00,1098.00
30,1/30/2011,1.00,0.00,1.00,0.00,0.00,0.00,1,0.21652,0.250322,0.722174,0.073983,140.00,956.00,1096.00
31,1/31/2011,1.00,0.00,1.00,0.00,1.00,1.00,2,0.18083,0.18625,0.603750,0.187192,42.00,1459.00,1501.00
32,2/1/2011,1.00,0.00,2.00,0.00,2.00,1.00,2,0.19217,0.23453,0.829565,0.053213,47.00,1313.00,1360.00
33,2/2/2011,1.00,0.00,2.00,0.00,3.00,1.00,2,0.26000,0.254417,0.775417,0.264308,72.00,1454.00,1526.00
34,2/3/2011,1.00,0.00,2.00,0.00,4.00,1.00,1,0.18696,0.177878,0.437826,0.277752,61.00,1489.00,1550.00
35,2/4/2011,1.00,0.00,2.00,0.00,5.00,1.00,2,0.21130,0.228587,0.585217,0.127839,88.00,1620.00,1708.00
36,2/5/2011,1.00,0.00,2.00,0.00,6.00,0.00,2,0.23333,0.243058,0.929167,0.161079,100.00,905.00,1005.00
37,2/6/2011,1.00,0.00,2.00,0.00,0.00,0.00,1,0.28583,0.291671,0.568333,0.141800,354.00,1269.00,1623.00
38,2/7/2011,1.00,0.00,2.00,0.00,1.00,1.00,1,0.27167,0.303658,0.738333,0.045408,120.00,1592.00,1712.00
39,2/8/2011,1.00,0.00,2.00,0.00,2.00,1.00,1,0.22083,0.198246,0.537917,0.361950,64.00,1466.00,1530.00
40,2/9/2011,1.00,0.00,2.00,0.00,3.00,1.00,2,0.13478,0.144283,0.494783,0.188839,53.00,1552.00,1605.00
41,2/10/2011,1.00,0.00,2.00,0.00,4.00,1.00,1,0.14435,0.149548,0.437391,0.221935,47.00,1491.00,1538.00
42,2/11/2011,1.00,0.00,2.00,0.00,5.00,1.00,1,0.18909,0.213509,0.506364,0.108550,149.00,1597.00,1746.00
43,2/12/2011,1.00,0.00,2.00,0.00,6.00,0.00,1,0.22250,0.232954,0.544167,0.203367,288.00,1184.00,1472.00
44,2/13/2011,1.00,0.00,2.00,0.00,0.00,0.00,1,0.31652,0.324113,0.457391,0.260883,397.00,1192.00,1589.00
45,2/14/2011,1.00,0.00,2.00,0.00,1.00,1.00,1,0.41500,0.39835,0.375833,0.417908,208.00,1705.00,1913.00
46,2/15/2011,1.00,0.00,2.00,0.00,2.00,1.00,1,0.26609,0.254274,0.314348,0.291374,140.00,1675.00,1815.00
47,2/16/2011,1.00,0.00,2.00,0.00,3.00,1.00,1,0.31826,0.3162,0.423478,0.251791,218.00,1897.00,2115.00
48,2/17/2011,1.00,0.00,2.00,0.00,4.00,1.00,1,0.43583,0.428658,0.505000,0.230104,259.00,2216.00,2475.00
49,2/18/2011,1.00,0.00,2.00,0.00,5.00,1.00,1,0.52167,0.511983,0.516667,0.264925,579.00,2348.00,2927.00
50,2/19/2011,1.00,0.00,2.00,0.00,6.00,0.00,1,0.39917,0.391404,0.187917,0.507463,532.00,1103.00,1635.00
51,2/20/2011,1.00,0.00,2.00,0.00,0.00,0.00,1,0.28522,0.27733,0.407826,0.223235,639.00,1173.00,1812.00
52,2/21/2011,1.00,0.00,2.00,1.00,1.00,0.00,2,0.30333,0.284075,0.605000,0.307846,195.00,912.00,1107.00
53,2/22/2011,1.00,0.00,2.00,0.00,2.00,1.00,1,0.18222,0.186033,0.577778,0.195683,74.00,1376.00,1450.00
54,2/23/2011,1.00,0.00,2.00,0.00,3.00,1.00,1,0.22174,0.245717,0.423043,0.094113,139.00,1778.00,1917.00
55,2/24/2011,1.00,0.00,2.00,0.00,4.00,1.00,2,0.29565,0.289191,0.697391,0.250496,100.00,1707.00,1807.00
56,2/25/2011,1.00,0.00,2.00,0.00,5.00,1.00,2,0.36435,0.350461,0.712174,0.346539,120.00,1341.00,1461.00
57,2/26/2011,1.00,0.00,2.00,0.00,6.00,0.00,1,0.28250,0.282192,0.537917,0.186571,424.00,1545.00,1969.00
58,2/27/2011,1.00,0.00,2.00,0.00,0.00,0.00,1,0.34348,0.351109,0.680000,0.125248,694.00,1708.00,2402.00
59,2/28/2011,1.00,0.00,2.00,0.00,1.00,1.00,2,0.40727,0.400118,0.876364,0.289686,81.00,1365.00,1446.00
60,3/1/2011,1.00,0.00,3.00,0.00,2.00,1.00,1,0.26667,0.263879,0.535000,0.216425,137.00,1714.00,1851.00
61,3/2/2011,1.00,0.00,3.00,0.00,3.00,1.00,1,0.33500,0.320071,0.449583,0.307833,231.00,1903.00,2134.00
62,3/3/2011,1.00,0.00,3.00,0.00,4.00,1.00,1,0.19833,0.200133,0.318333,0.225754,123.00,1562.00,1685.00
63,3/4/2011,1.00,0.00,3.00,0.00,5.00,1.00,2,0.26167,0.255679,0.610417,0.203346,214.00,1730.00,1944.00
64,3/5/2011,1.00,0.00,3.00,0.00,6.00,0.00,2,0.38417,0.378779,0.789167,0.251871,640.00,1437.00,2077.00
65,3/6/2011,1.00,0.00,3.00,0.00,0.00,0.00,2,0.37652,0.366252,0.948261,0.343287,114.00,491.00,605.00
66,3/7/2011,1.00,0.00,3.00,0.00,1.00,1.00,1,0.26174,0.238461,0.551304,0.341352,244.00,1628.00,1872.00
67,3/8/2011,1.00,0.00,3.00,0.00,2.00,1.00,1,0.29250,0.3024,0.420833,0.120650,316.00,1817.00,2133.00
68,3/9/2011,1.00,0.00,3.00,0.00,3.00,1.00,2,0.29583,0.286608,0.775417,0.220150,191.00,1700.00,1891.00
69,3/10/2011,1.00,0.00,3.00,0.00,4.00,1.00,3,0.38909,0.385668,0.000000,0.261877,46.00,577.00,623.00
70,3/11/2011,1.00,0.00,3.00,0.00,5.00,1.00,2,0.31652,0.305,0.649565,0.232970,247.00,1730.00,1977.00
71,3/12/2011,1.00,0.00,3.00,0.00,6.00,0.00,1,0.32917,0.32575,0.594583,0.220775,724.00,1408.00,2132.00
72,3/13/2011,1.00,0.00,3.00,0.00,0.00,0.00,1,0.38435,0.380091,0.527391,0.270604,982.00,1435.00,2417.00
73,3/14/2011,1.00,0.00,3.00,0.00,1.00,1.00,1,0.32522,0.332,0.496957,0.136926,359.00,1687.00,2046.00
74,3/15/2011,1.00,0.00,3.00,0.00,2.00,1.00,2,0.31739,0.318178,0.655652,0.184309,289.00,1767.00,2056.00
75,3/16/2011,1.00,0.00,3.00,0.00,3.00,1.00,2,0.36522,0.36693,0.776522,0.203117,321.00,1871.00,2192.00
76,3/17/2011,1.00,0.00,3.00,0.00,4.00,1.00,1,0.41500,0.410333,0.602917,0.209579,424.00,2320.00,2744.00
77,3/18/2011,1.00,0.00,3.00,0.00,5.00,1.00,1,0.54000,0.527009,0.525217,0.231017,884.00,2355.00,3239.00
78,3/19/2011,1.00,0.00,3.00,0.00,6.00,0.00,1,0.47250,0.466525,0.379167,0.368167,1424.00,1693.00,3117.00
79,3/20/2011,1.00,0.00,3.00,0.00,0.00,0.00,1,0.33250,0.32575,0.473750,0.207721,1047.00,1424.00,2471.00
80,3/21/2011,2.00,0.00,3.00,0.00,1.00,1.00,2,0.43044,0.409735,0.737391,0.288783,401.00,1676.00,2077.00
81,3/22/2011,2.00,0.00,3.00,0.00,2.00,1.00,1,0.44167,0.440642,0.624583,0.225750,460.00,2243.00,2703.00
82,3/23/2011,2.00,0.00,3.00,0.00,3.00,1.00,2,0.34696,0.337939,0.839565,0.234261,203.00,1918.00,2121.00
83,3/24/2011,2.00,0.00,3.00,0.00,4.00,1.00,2,0.28500,0.270833,0.805833,0.243787,166.00,1699.00,1865.00
84,3/25/2011,2.00,0.00,3.00,0.00,5.00,1.00,1,0.26417,0.256312,0.495000,0.230725,300.00,1910.00,2210.00
85,3/26/2011,2.00,0.00,3.00,0.00,6.00,0.00,1,0.26583,0.257571,0.394167,0.209571,981.00,1515.00,2496.00
86,3/27/2011,2.00,0.00,3.00,0.00,0.00,0.00,2,0.25304,0.250339,0.493913,0.184300,472.00,1221.00,1693.00
87,3/28/2011,2.00,0.00,3.00,0.00,1.00,1.00,1,0.26435,0.257574,0.302174,0.212204,222.00,1806.00,2028.00
88,3/29/2011,2.00,0.00,3.00,0.00,2.00,1.00,1,0.30250,0.292908,0.314167,0.226996,317.00,2108.00,2425.00
89,3/30/2011,2.00,0.00,3.00,0.00,3.00,1.00,2,0.30000,0.29735,0.646667,0.172888,168.00,1368.00,1536.00
90,3/31/2011,2.00,0.00,3.00,0.00,4.00,1.00,3,0.26833,0.257575,0.918333,0.217646,179.00,1506.00,1685.00
91,4/1/2011,2.00,0.00,4.00,0.00,5.00,1.00,2,0.30000,0.283454,0.686250,0.258708,307.00,1920.00,2227.00
92,4/2/2011,2.00,0.00,4.00,0.00,6.00,0.00,2,0.31500,0.315637,0.653750,0.197146,898.00,1354.00,2252.00
93,4/3/2011,2.00,0.00,4.00,0.00,0.00,0.00,1,0.37833,0.378767,0.480000,0.182213,1651.00,1598.00,3249.00
94,4/4/2011,2.00,0.00,4.00,0.00,1.00,1.00,1,0.57333,0.542929,0.426250,0.385571,734.00,2381.00,3115.00
95,4/5/2011,2.00,0.00,4.00,0.00,2.00,1.00,2,0.41417,0.39835,0.642083,0.388067,167.00,1628.00,1795.00
96,4/6/2011,2.00,0.00,4.00,0.00,3.00,1.00,1,0.39083,0.387608,0.470833,0.263063,413.00,2395.00,2808.00
97,4/7/2011,2.00,0.00,4.00,0.00,4.00,1.00,1,0.43750,0.433696,0.602917,0.162312,571.00,2570.00,3141.00
98,4/8/2011,2.00,0.00,4.00,0.00,5.00,1.00,2,0.33583,0.324479,0.836250,0.226992,172.00,1299.00,1471.00
99,4/9/2011,2.00,0.00,4.00,0.00,6.00,0.00,2,0.34250,0.341529,0.877500,0.133083,879.00,1576.00,2455.00
100,4/10/2011,2.00,0.00,4.00,0.00,0.00,0.00,2,0.42667,0.426737,0.857500,0.146767,1188.00,1707.00,2895.00
101,4/11/2011,2.00,0.00,4.00,0.00,1.00,1.00,2,0.59565,0.565217,0.716956,0.324474,855.00,2493.00,3348.00
102,4/12/2011,2.00,0.00,4.00,0.00,2.00,1.00,2,0.50250,0.493054,0.739167,0.274879,257.00,1777.00,2034.00
103,4/13/2011,2.00,0.00,4.00,0.00,3.00,1.00,2,0.41250,0.417283,0.819167,0.250617,209.00,1953.00,2162.00
104,4/14/2011,2.00,0.00,4.00,0.00,4.00,1.00,1,0.46750,0.462742,0.540417,0.110700,529.00,2738.00,3267.00
105,4/15/2011,2.00,0.00,4.00,1.00,5.00,0.00,1,0.44667,0.441913,0.671250,0.226375,642.00,2484.00,3126.00
106,4/16/2011,2.00,0.00,4.00,0.00,6.00,0.00,3,0.43083,0.425492,0.888333,0.340808,121.00,674.00,795.00
107,4/17/2011,2.00,0.00,4.00,0.00,0.00,0.00,1,0.45667,0.445696,0.479583,0.303496,1558.00,2186.00,3744.00
108,4/18/2011,2.00,0.00,4.00,0.00,1.00,1.00,1,0.51250,0.503146,0.542500,0.163567,669.00,2760.00,3429.00
109,4/19/2011,2.00,0.00,4.00,0.00,2.00,1.00,2,0.50583,0.489258,0.665833,0.157971,409.00,2795.00,3204.00
110,4/20/2011,2.00,0.00,4.00,0.00,3.00,1.00,1,0.59500,0.564392,0.614167,0.241925,613.00,3331.00,3944.00
111,4/21/2011,2.00,0.00,4.00,0.00,4.00,1.00,1,0.45917,0.453892,0.407083,0.325258,745.00,3444.00,4189.00
112,4/22/2011,2.00,0.00,4.00,0.00,5.00,1.00,2,0.33667,0.321954,0.729583,0.219521,177.00,1506.00,1683.00
113,4/23/2011,2.00,0.00,4.00,0.00,6.00,0.00,2,0.46000,0.450121,0.887917,0.230725,1462.00,2574.00,4036.00
114,4/24/2011,2.00,0.00,4.00,0.00,0.00,0.00,2,0.58167,0.551763,0.810833,0.192175,1710.00,2481.00,4191.00
115,4/25/2011,2.00,0.00,4.00,0.00,1.00,1.00,1,0.60667,0.5745,0.776667,0.185333,773.00,3300.00,4073.00
116,4/26/2011,2.00,0.00,4.00,0.00,2.00,1.00,1,0.63167,0.594083,0.729167,0.326500,678.00,3722.00,4400.00
117,4/27/2011,2.00,0.00,4.00,0.00,3.00,1.00,2,0.62000,0.575142,0.835417,0.312200,547.00,3325.00,3872.00
118,4/28/2011,2.00,0.00,4.00,0.00,4.00,1.00,2,0.61750,0.578929,0.700833,0.320908,569.00,3489.00,4058.00
119,4/29/2011,2.00,0.00,4.00,0.00,5.00,1.00,1,0.51000,0.497463,0.457083,0.240063,878.00,3717.00,4595.00
120,4/30/2011,2.00,0.00,4.00,0.00,6.00,0.00,1,0.47250,0.464021,0.503333,0.235075,1965.00,3347.00,5312.00
121,5/1/2011,2.00,0.00,5.00,0.00,0.00,0.00,2,0.45167,0.448204,0.762083,0.106354,1138.00,2213.00,3351.00
122,5/2/2011,2.00,0.00,5.00,0.00,1.00,1.00,2,0.54917,0.532833,0.730000,0.183454,847.00,3554.00,4401.00
123,5/3/2011,2.00,0.00,5.00,0.00,2.00,1.00,2,0.61667,0.582079,0.697083,0.342667,603.00,3848.00,4451.00
124,5/4/2011,2.00,0.00,5.00,0.00,3.00,1.00,2,0.41417,0.40465,0.737083,0.328996,255.00,2378.00,2633.00
125,5/5/2011,2.00,0.00,5.00,0.00,4.00,1.00,1,0.45917,0.441917,0.444167,0.295392,614.00,3819.00,4433.00
126,5/6/2011,2.00,0.00,5.00,0.00,5.00,1.00,1,0.47917,0.474117,0.590000,0.228246,894.00,3714.00,4608.00
127,5/7/2011,2.00,0.00,5.00,0.00,6.00,0.00,1,0.52000,0.512621,0.541250,0.160450,1612.00,3102.00,4714.00
128,5/8/2011,2.00,0.00,5.00,0.00,0.00,0.00,1,0.52833,0.518933,0.631667,0.074638,1401.00,2932.00,4333.00
129,5/9/2011,2.00,0.00,5.00,0.00,1.00,1.00,1,0.53250,0.525246,0.588750,0.176000,664.00,3698.00,4362.00
130,5/10/2011,2.00,0.00,5.00,0.00,2.00,1.00,1,0.53250,0.522721,0.489167,0.115671,694.00,4109.00,4803.00
131,5/11/2011,2.00,0.00,5.00,0.00,3.00,1.00,1,0.54250,0.5284,0.632917,0.120642,550.00,3632.00,4182.00
132,5/12/2011,2.00,0.00,5.00,0.00,4.00,1.00,1,0.53500,0.523363,0.747500,0.189667,695.00,4169.00,4864.00
133,5/13/2011,2.00,0.00,5.00,0.00,5.00,1.00,2,0.51250,0.4943,0.863333,0.179725,692.00,3413.00,4105.00
134,5/14/2011,2.00,0.00,5.00,0.00,6.00,0.00,2,0.52083,0.500629,0.922500,0.134950,902.00,2507.00,3409.00
135,5/15/2011,2.00,0.00,5.00,0.00,0.00,0.00,2,0.56250,0.536,0.867083,0.152979,1582.00,2971.00,4553.00
136,5/16/2011,2.00,0.00,5.00,0.00,1.00,1.00,1,0.57750,0.550512,0.787917,0.126871,773.00,3185.00,3958.00
137,5/17/2011,2.00,0.00,5.00,0.00,2.00,1.00,2,0.56167,0.538529,0.837917,0.277354,678.00,3445.00,4123.00
138,5/18/2011,2.00,0.00,5.00,0.00,3.00,1.00,2,0.55000,0.527158,0.870000,0.201492,536.00,3319.00,3855.00
139,5/19/2011,2.00,0.00,5.00,0.00,4.00,1.00,2,0.53083,0.510742,0.829583,0.108213,735.00,3840.00,4575.00
140,5/20/2011,2.00,0.00,5.00,0.00,5.00,1.00,1,0.53667,0.529042,0.719583,0.125013,909.00,4008.00,4917.00
141,5/21/2011,2.00,0.00,5.00,0.00,6.00,0.00,1,0.60250,0.571975,0.626667,0.120650,2258.00,3547.00,5805.00
142,5/22/2011,2.00,0.00,5.00,0.00,0.00,0.00,1,0.60417,0.5745,0.749583,0.148008,1576.00,3084.00,4660.00
143,5/23/2011,2.00,0.00,5.00,0.00,1.00,1.00,2,0.63167,0.590296,0.810000,0.233842,836.00,3438.00,4274.00
144,5/24/2011,2.00,0.00,5.00,0.00,2.00,1.00,2,0.66000,0.604813,0.740833,0.207092,659.00,3833.00,4492.00
145,5/25/2011,2.00,0.00,5.00,0.00,3.00,1.00,1,0.66083,0.615542,0.696250,0.154233,740.00,4238.00,4978.00
146,5/26/2011,2.00,0.00,5.00,0.00,4.00,1.00,1,0.70833,0.654688,0.677500,0.199642,758.00,3919.00,4677.00
147,5/27/2011,2.00,0.00,5.00,0.00,5.00,1.00,1,0.68167,0.637008,0.653750,0.240679,871.00,3808.00,4679.00
148,5/28/2011,2.00,0.00,5.00,0.00,6.00,0.00,1,0.65583,0.612379,0.729583,0.230092,2001.00,2757.00,4758.00
149,5/29/2011,2.00,0.00,5.00,0.00,0.00,0.00,1,0.66750,0.61555,0.818750,0.213938,2355.00,2433.00,4788.00
150,5/30/2011,2.00,0.00,5.00,1.00,1.00,0.00,1,0.73333,0.671092,0.685000,0.131225,1549.00,2549.00,4098.00
151,5/31/2011,2.00,0.00,5.00,0.00,2.00,1.00,1,0.77500,0.725383,0.636667,0.111329,673.00,3309.00,3982.00
152,6/1/2011,2.00,0.00,6.00,0.00,3.00,1.00,2,0.76417,0.720967,0.677083,0.207092,513.00,3461.00,3974.00
153,6/2/2011,2.00,0.00,6.00,0.00,4.00,1.00,1,0.71500,0.643942,0.305000,0.292287,736.00,4232.00,4968.00
154,6/3/2011,2.00,0.00,6.00,0.00,5.00,1.00,1,0.62000,0.587133,0.354167,0.253121,898.00,4414.00,5312.00
155,6/4/2011,2.00,0.00,6.00,0.00,6.00,0.00,1,0.63500,0.594696,0.456250,0.123142,1869.00,3473.00,5342.00
156,6/5/2011,2.00,0.00,6.00,0.00,0.00,0.00,2,0.64833,0.616804,0.652500,0.138692,1685.00,3221.00,4906.00
157,6/6/2011,2.00,0.00,6.00,0.00,1.00,1.00,1,0.67833,0.621858,0.600000,0.121896,673.00,3875.00,4548.00
158,6/7/2011,2.00,0.00,6.00,0.00,2.00,1.00,1,0.70750,0.65595,0.597917,0.187808,763.00,4070.00,4833.00
159,6/8/2011,2.00,0.00,6.00,0.00,3.00,1.00,1,0.77583,0.727279,0.622083,0.136817,676.00,3725.00,4401.00
160,6/9/2011,2.00,0.00,6.00,0.00,4.00,1.00,2,0.80833,0.757579,0.568333,0.149883,563.00,3352.00,3915.00
161,6/10/2011,2.00,0.00,6.00,0.00,5.00,1.00,1,0.75500,0.703292,0.605000,0.140554,815.00,3771.00,4586.00
162,6/11/2011,2.00,0.00,6.00,0.00,6.00,0.00,1,0.72500,0.678038,0.654583,0.154850,1729.00,3237.00,4966.00
163,6/12/2011,2.00,0.00,6.00,0.00,0.00,0.00,1,0.69250,0.643325,0.747917,0.163567,1467.00,2993.00,4460.00
164,6/13/2011,2.00,0.00,6.00,0.00,1.00,1.00,1,0.63500,0.601654,0.494583,0.305350,863.00,4157.00,5020.00
165,6/14/2011,2.00,0.00,6.00,0.00,2.00,1.00,1,0.60417,0.591546,0.507083,0.269283,727.00,4164.00,4891.00
166,6/15/2011,2.00,0.00,6.00,0.00,3.00,1.00,1,0.62667,0.587754,0.471667,0.167912,769.00,4411.00,5180.00
167,6/16/2011,2.00,0.00,6.00,0.00,4.00,1.00,2,0.62833,0.595346,0.688333,0.206471,545.00,3222.00,3767.00
168,6/17/2011,2.00,0.00,6.00,0.00,5.00,1.00,1,0.64917,0.600383,0.735833,0.143029,863.00,3981.00,4844.00
169,6/18/2011,2.00,0.00,6.00,0.00,6.00,0.00,1,0.69667,0.643954,0.670417,0.119408,1807.00,3312.00,5119.00
170,6/19/2011,2.00,0.00,6.00,0.00,0.00,0.00,2,0.69917,0.645846,0.666667,0.102000,1639.00,3105.00,4744.00
171,6/20/2011,2.00,0.00,6.00,0.00,1.00,1.00,2,0.63500,0.595346,0.746250,0.155475,699.00,3311.00,4010.00
172,6/21/2011,3.00,0.00,6.00,0.00,2.00,1.00,2,0.68083,0.637646,0.770417,0.171025,774.00,4061.00,4835.00
173,6/22/2011,3.00,0.00,6.00,0.00,3.00,1.00,1,0.73333,0.693829,0.707500,0.172262,661.00,3846.00,4507.00
174,6/23/2011,3.00,0.00,6.00,0.00,4.00,1.00,2,0.72833,0.693833,0.703333,0.238804,746.00,4044.00,4790.00
175,6/24/2011,3.00,0.00,6.00,0.00,5.00,1.00,1,0.72417,0.656583,0.573333,0.222025,969.00,4022.00,4991.00
176,6/25/2011,3.00,0.00,6.00,0.00,6.00,0.00,1,0.69500,0.643313,0.483333,0.209571,1782.00,3420.00,5202.00
177,6/26/2011,3.00,0.00,6.00,0.00,0.00,0.00,1,0.68000,0.637629,0.513333,0.094533,1920.00,3385.00,5305.00
178,6/27/2011,3.00,0.00,6.00,0.00,1.00,1.00,2,0.68250,0.637004,0.658333,0.107588,854.00,3854.00,4708.00
179,6/28/2011,3.00,0.00,6.00,0.00,2.00,1.00,1,0.74417,0.692558,0.634167,0.144283,732.00,3916.00,4648.00
180,6/29/2011,3.00,0.00,6.00,0.00,3.00,1.00,1,0.72833,0.654688,0.497917,0.261821,848.00,4377.00,5225.00
181,6/30/2011,3.00,0.00,6.00,0.00,4.00,1.00,1,0.69667,0.637008,0.434167,0.185312,1027.00,4488.00,5515.00
182,7/1/2011,3.00,0.00,7.00,0.00,5.00,1.00,1,0.72250,0.652162,0.396250,0.102608,1246.00,4116.00,5362.00
183,7/2/2011,3.00,0.00,7.00,0.00,6.00,0.00,1,0.73833,0.667308,0.444583,0.115062,2204.00,2915.00,5119.00
184,7/3/2011,3.00,0.00,7.00,0.00,0.00,0.00,2,0.71667,0.668575,0.682500,0.228858,2282.00,2367.00,4649.00
185,7/4/2011,3.00,0.00,7.00,1.00,1.00,0.00,2,0.72667,0.665417,0.637917,0.081479,3065.00,2978.00,6043.00
186,7/5/2011,3.00,0.00,7.00,0.00,2.00,1.00,1,0.74667,0.696338,0.590417,0.126258,1031.00,3634.00,4665.00
187,7/6/2011,3.00,0.00,7.00,0.00,3.00,1.00,1,0.72000,0.685633,0.743333,0.149883,784.00,3845.00,4629.00
188,7/7/2011,3.00,0.00,7.00,0.00,4.00,1.00,1,0.75000,0.686871,0.651250,0.159200,754.00,3838.00,4592.00
189,7/8/2011,3.00,0.00,7.00,0.00,5.00,1.00,2,0.70917,0.670483,0.757917,0.225129,692.00,3348.00,4040.00
190,7/9/2011,3.00,0.00,7.00,0.00,6.00,0.00,1,0.73333,0.664158,0.609167,0.167912,1988.00,3348.00,5336.00
191,7/10/2011,3.00,0.00,7.00,0.00,0.00,0.00,1,0.74750,0.690025,0.578333,0.183471,1743.00,3138.00,4881.00
192,7/11/2011,3.00,0.00,7.00,0.00,1.00,1.00,1,0.76250,0.729804,0.635833,0.282337,723.00,3363.00,4086.00
193,7/12/2011,3.00,0.00,7.00,0.00,2.00,1.00,1,0.79417,0.739275,0.559167,0.200254,662.00,3596.00,4258.00
194,7/13/2011,3.00,0.00,7.00,0.00,3.00,1.00,1,0.74667,0.689404,0.631667,0.146133,748.00,3594.00,4342.00
195,7/14/2011,3.00,0.00,7.00,0.00,4.00,1.00,1,0.68083,0.635104,0.476250,0.240667,888.00,4196.00,5084.00
196,7/15/2011,3.00,0.00,7.00,0.00,5.00,1.00,1,0.66333,0.624371,0.591250,0.182833,1318.00,4220.00,5538.00
197,7/16/2011,3.00,0.00,7.00,0.00,6.00,0.00,1,0.68667,0.638263,0.585000,0.208342,2418.00,3505.00,5923.00
198,7/17/2011,3.00,0.00,7.00,0.00,0.00,0.00,1,0.71917,0.669833,0.604167,0.245033,2006.00,3296.00,5302.00
199,7/18/2011,3.00,0.00,7.00,0.00,1.00,1.00,1,0.74667,0.703925,0.651250,0.215804,841.00,3617.00,4458.00
200,7/19/2011,3.00,0.00,7.00,0.00,2.00,1.00,1,0.77667,0.747479,0.650417,0.130600,752.00,3789.00,4541.00
201,7/20/2011,3.00,0.00,7.00,0.00,3.00,1.00,1,0.76833,0.74685,0.707083,0.113817,644.00,3688.00,4332.00
202,7/21/2011,3.00,0.00,7.00,0.00,4.00,1.00,2,0.81500,0.826371,0.691250,0.222021,632.00,3152.00,3784.00
203,7/22/2011,3.00,0.00,7.00,0.00,5.00,1.00,1,0.84833,0.840896,0.580417,0.133100,562.00,2825.00,3387.00
204,7/23/2011,3.00,0.00,7.00,0.00,6.00,0.00,1,0.84917,0.804287,0.500000,0.131221,987.00,2298.00,3285.00
205,7/24/2011,3.00,0.00,7.00,0.00,0.00,0.00,1,0.83000,0.794829,0.550833,0.169171,1050.00,2556.00,3606.00
206,7/25/2011,3.00,0.00,7.00,0.00,1.00,1.00,1,0.74333,0.720958,0.757083,0.090808,568.00,3272.00,3840.00
207,7/26/2011,3.00,0.00,7.00,0.00,2.00,1.00,1,0.77167,0.696979,0.540833,0.200258,750.00,3840.00,4590.00
208,7/27/2011,3.00,0.00,7.00,0.00,3.00,1.00,1,0.77500,0.690667,0.402917,0.183463,755.00,3901.00,4656.00
209,7/28/2011,3.00,0.00,7.00,0.00,4.00,1.00,1,0.77917,0.7399,0.583333,0.178479,606.00,3784.00,4390.00
210,7/29/2011,3.00,0.00,7.00,0.00,5.00,1.00,1,0.83833,0.785967,0.542500,0.174138,670.00,3176.00,3846.00
211,7/30/2011,3.00,0.00,7.00,0.00,6.00,0.00,1,0.80417,0.728537,0.465833,0.168537,1559.00,2916.00,4475.00
212,7/31/2011,3.00,0.00,7.00,0.00,0.00,0.00,1,0.80583,0.729796,0.480833,0.164813,1524.00,2778.00,4302.00
213,8/1/2011,3.00,0.00,8.00,0.00,1.00,1.00,1,0.77167,0.703292,0.550833,0.156717,729.00,3537.00,4266.00
214,8/2/2011,3.00,0.00,8.00,0.00,2.00,1.00,1,0.78333,0.707071,0.491250,0.205850,801.00,4044.00,4845.00
215,8/3/2011,3.00,0.00,8.00,0.00,3.00,1.00,2,0.73167,0.679937,0.657500,0.135583,467.00,3107.00,3574.00
216,8/4/2011,3.00,0.00,8.00,0.00,4.00,1.00,2,0.71000,0.664788,0.757500,0.197150,799.00,3777.00,4576.00
217,8/5/2011,3.00,0.00,8.00,0.00,5.00,1.00,1,0.71083,0.656567,0.630833,0.184696,1023.00,3843.00,4866.00
218,8/6/2011,3.00,0.00,8.00,0.00,6.00,0.00,2,0.71667,0.676154,0.755000,0.228250,1521.00,2773.00,4294.00
219,8/7/2011,3.00,0.00,8.00,0.00,0.00,0.00,1,0.74250,0.715292,0.752917,0.201487,1298.00,2487.00,3785.00
220,8/8/2011,3.00,0.00,8.00,0.00,1.00,1.00,1,0.76500,0.703283,0.592083,0.192175,846.00,3480.00,4326.00
221,8/9/2011,3.00,0.00,8.00,0.00,2.00,1.00,1,0.77500,0.724121,0.570417,0.151121,907.00,3695.00,4602.00
222,8/10/2011,3.00,0.00,8.00,0.00,3.00,1.00,1,0.76667,0.684983,0.424167,0.200258,884.00,3896.00,4780.00
223,8/11/2011,3.00,0.00,8.00,0.00,4.00,1.00,1,0.71750,0.651521,0.423750,0.164796,812.00,3980.00,4792.00
224,8/12/2011,3.00,0.00,8.00,0.00,5.00,1.00,1,0.70833,0.654042,0.415000,0.125621,1051.00,3854.00,4905.00
225,8/13/2011,3.00,0.00,8.00,0.00,6.00,0.00,2,0.68583,0.645858,0.729583,0.211454,1504.00,2646.00,4150.00
226,8/14/2011,3.00,0.00,8.00,0.00,0.00,0.00,2,0.67667,0.624388,0.817500,0.222633,1338.00,2482.00,3820.00
227,8/15/2011,3.00,0.00,8.00,0.00,1.00,1.00,1,0.66583,0.616167,0.712083,0.208954,775.00,3563.00,4338.00
228,8/16/2011,3.00,0.00,8.00,0.00,2.00,1.00,1,0.70083,0.645837,0.578333,0.236329,721.00,4004.00,4725.00
229,8/17/2011,3.00,0.00,8.00,0.00,3.00,1.00,1,0.72333,0.666671,0.575417,0.143667,668.00,4026.00,4694.00
230,8/18/2011,3.00,0.00,8.00,0.00,4.00,1.00,1,0.71167,0.662258,0.654583,0.233208,639.00,3166.00,3805.00
231,8/19/2011,3.00,0.00,8.00,0.00,5.00,1.00,2,0.68500,0.633221,0.722917,0.139308,797.00,3356.00,4153.00
232,8/20/2011,3.00,0.00,8.00,0.00,6.00,0.00,1,0.69750,0.648996,0.674167,0.104467,1914.00,3277.00,5191.00
233,8/21/2011,3.00,0.00,8.00,0.00,0.00,0.00,1,0.71083,0.675525,0.770000,0.248754,1249.00,2624.00,3873.00
234,8/22/2011,3.00,0.00,8.00,0.00,1.00,1.00,1,0.69167,0.638254,0.470000,0.276750,833.00,3925.00,4758.00
235,8/23/2011,3.00,0.00,8.00,0.00,2.00,1.00,1,0.64083,0.606067,0.455417,0.146763,1281.00,4614.00,5895.00
236,8/24/2011,3.00,0.00,8.00,0.00,3.00,1.00,1,0.67333,0.630692,0.605000,0.253108,949.00,4181.00,5130.00
237,8/25/2011,3.00,0.00,8.00,0.00,4.00,1.00,2,0.68417,0.645854,0.771667,0.210833,435.00,3107.00,3542.00
238,8/26/2011,3.00,0.00,8.00,0.00,5.00,1.00,1,0.70000,0.659733,0.761250,0.083963,768.00,3893.00,4661.00
239,8/27/2011,3.00,0.00,8.00,0.00,6.00,0.00,2,0.68000,0.635556,0.850000,0.375617,226.00,889.00,1115.00
240,8/28/2011,3.00,0.00,8.00,0.00,0.00,0.00,1,0.70706,0.647959,0.561765,0.304659,1415.00,2919.00,4334.00
241,8/29/2011,3.00,0.00,8.00,0.00,1.00,1.00,1,0.63667,0.607958,0.554583,0.159825,729.00,3905.00,4634.00
242,8/30/2011,3.00,0.00,8.00,0.00,2.00,1.00,1,0.63917,0.594704,0.548333,0.125008,775.00,4429.00,5204.00
243,8/31/2011,3.00,0.00,8.00,0.00,3.00,1.00,1,0.65667,0.611121,0.597917,0.083333,688.00,4370.00,5058.00
244,9/1/2011,3.00,0.00,9.00,0.00,4.00,1.00,1,0.65500,0.614921,0.639167,0.141796,783.00,4332.00,5115.00
245,9/2/2011,3.00,0.00,9.00,0.00,5.00,1.00,2,0.64333,0.604808,0.727083,0.139929,875.00,3852.00,4727.00
246,9/3/2011,3.00,0.00,9.00,0.00,6.00,0.00,1,0.66917,0.633213,0.716667,0.185325,1935.00,2549.00,4484.00
247,9/4/2011,3.00,0.00,9.00,0.00,0.00,0.00,1,0.70917,0.665429,0.742083,0.206467,2521.00,2419.00,4940.00
248,9/5/2011,3.00,0.00,9.00,1.00,1.00,0.00,2,0.67333,0.625646,0.790417,0.212696,1236.00,2115.00,3351.00
249,9/6/2011,3.00,0.00,9.00,0.00,2.00,1.00,3,0.54000,0.5152,0.886957,0.343943,204.00,2506.00,2710.00
250,9/7/2011,3.00,0.00,9.00,0.00,3.00,1.00,3,0.59917,0.544229,0.917083,0.097021,118.00,1878.00,1996.00
251,9/8/2011,3.00,0.00,9.00,0.00,4.00,1.00,3,0.63391,0.555361,0.939565,0.192748,153.00,1689.00,1842.00
252,9/9/2011,3.00,0.00,9.00,0.00,5.00,1.00,2,0.65000,0.578946,0.897917,0.124379,417.00,3127.00,3544.00
253,9/10/2011,3.00,0.00,9.00,0.00,6.00,0.00,1,0.66000,0.607962,0.753750,0.153608,1750.00,3595.00,5345.00
254,9/11/2011,3.00,0.00,9.00,0.00,0.00,0.00,1,0.65333,0.609229,0.713750,0.115054,1633.00,3413.00,5046.00
255,9/12/2011,3.00,0.00,9.00,0.00,1.00,1.00,1,0.64435,0.60213,0.692174,0.088913,690.00,4023.00,4713.00
256,9/13/2011,3.00,0.00,9.00,0.00,2.00,1.00,1,0.65083,0.603554,0.712500,0.141804,701.00,4062.00,4763.00
257,9/14/2011,3.00,0.00,9.00,0.00,3.00,1.00,1,0.67333,0.6269,0.697083,0.167300,647.00,4138.00,4785.00
258,9/15/2011,3.00,0.00,9.00,0.00,4.00,1.00,2,0.57750,0.553671,0.709167,0.271146,428.00,3231.00,3659.00
259,9/16/2011,3.00,0.00,9.00,0.00,5.00,1.00,2,0.46917,0.461475,0.590417,0.164183,742.00,4018.00,4760.00
260,9/17/2011,3.00,0.00,9.00,0.00,6.00,0.00,2,0.49167,0.478512,0.718333,0.189675,1434.00,3077.00,4511.00
261,9/18/2011,3.00,0.00,9.00,0.00,0.00,0.00,1,0.50750,0.490537,0.695000,0.178483,1353.00,2921.00,4274.00
262,9/19/2011,3.00,0.00,9.00,0.00,1.00,1.00,2,0.54917,0.529675,0.690000,0.151742,691.00,3848.00,4539.00
263,9/20/2011,3.00,0.00,9.00,0.00,2.00,1.00,2,0.56167,0.532217,0.881250,0.134954,438.00,3203.00,3641.00
264,9/21/2011,3.00,0.00,9.00,0.00,3.00,1.00,2,0.59500,0.550533,0.900000,0.096404,539.00,3813.00,4352.00
265,9/22/2011,3.00,0.00,9.00,0.00,4.00,1.00,2,0.62833,0.554963,0.902083,0.128125,555.00,4240.00,4795.00
266,9/23/2011,4.00,0.00,9.00,0.00,5.00,1.00,2,0.60917,0.522125,0.972500,0.078367,258.00,2137.00,2395.00
267,9/24/2011,4.00,0.00,9.00,0.00,6.00,0.00,2,0.60667,0.564412,0.862500,0.078383,1776.00,3647.00,5423.00
268,9/25/2011,4.00,0.00,9.00,0.00,0.00,0.00,2,0.63417,0.572637,0.845000,0.050379,1544.00,3466.00,5010.00
269,9/26/2011,4.00,0.00,9.00,0.00,1.00,1.00,2,0.64917,0.589042,0.848333,0.110700,684.00,3946.00,4630.00
270,9/27/2011,4.00,0.00,9.00,0.00,2.00,1.00,2,0.63667,0.574525,0.885417,0.118171,477.00,3643.00,4120.00
271,9/28/2011,4.00,0.00,9.00,0.00,3.00,1.00,2,0.63500,0.575158,0.848750,0.148629,480.00,3427.00,3907.00
272,9/29/2011,4.00,0.00,9.00,0.00,4.00,1.00,1,0.61667,0.574512,0.699167,0.172883,653.00,4186.00,4839.00
273,9/30/2011,4.00,0.00,9.00,0.00,5.00,1.00,1,0.56417,0.544829,0.647500,0.206475,830.00,4372.00,5202.00
274,10/1/2011,4.00,0.00,10.00,0.00,6.00,0.00,2,0.41000,0.412863,0.753750,0.292296,480.00,1949.00,2429.00
275,10/2/2011,4.00,0.00,10.00,0.00,0.00,0.00,2,0.35667,0.345317,0.791667,0.222013,616.00,2302.00,2918.00
276,10/3/2011,4.00,0.00,10.00,0.00,1.00,1.00,2,0.38417,0.392046,0.760833,0.083346,330.00,3240.00,3570.00
277,10/4/2011,4.00,0.00,10.00,0.00,2.00,1.00,1,0.48417,0.472858,0.710000,0.205854,486.00,3970.00,4456.00
278,10/5/2011,4.00,0.00,10.00,0.00,3.00,1.00,1,0.53833,0.527138,0.647917,0.177250,559.00,4267.00,4826.00
279,10/6/2011,4.00,0.00,10.00,0.00,4.00,1.00,1,0.49417,0.480425,0.620833,0.134954,639.00,4126.00,4765.00
280,10/7/2011,4.00,0.00,10.00,0.00,5.00,1.00,1,0.51083,0.504404,0.684167,0.022392,949.00,4036.00,4985.00
281,10/8/2011,4.00,0.00,10.00,0.00,6.00,0.00,1,0.52167,0.513242,0.701250,0.045404,2235.00,3174.00,5409.00
282,10/9/2011,4.00,0.00,10.00,0.00,0.00,0.00,1,0.54083,0.523983,0.727500,0.063450,2397.00,3114.00,5511.00
283,10/10/2011,4.00,0.00,10.00,1.00,1.00,0.00,1,0.57083,0.542925,0.733750,0.042304,1514.00,3603.00,5117.00
284,10/11/2011,4.00,0.00,10.00,0.00,2.00,1.00,2,0.56667,0.546096,0.808750,0.143042,667.00,3896.00,4563.00
285,10/12/2011,4.00,0.00,10.00,0.00,3.00,1.00,3,0.54333,0.517717,0.906250,0.248150,217.00,2199.00,2416.00
286,10/13/2011,4.00,0.00,10.00,0.00,4.00,1.00,2,0.58917,0.551804,0.896667,0.141787,290.00,2623.00,2913.00
287,10/14/2011,4.00,0.00,10.00,0.00,5.00,1.00,2,0.55083,0.529675,0.716250,0.223883,529.00,3115.00,3644.00
288,10/15/2011,4.00,0.00,10.00,0.00,6.00,0.00,1,0.50667,0.498725,0.483333,0.258083,1899.00,3318.00,5217.00
289,10/16/2011,4.00,0.00,10.00,0.00,0.00,0.00,1,0.51167,0.503154,0.486667,0.281717,1748.00,3293.00,5041.00
290,10/17/2011,4.00,0.00,10.00,0.00,1.00,1.00,1,0.53417,0.510725,0.579583,0.175379,713.00,3857.00,4570.00
291,10/18/2011,4.00,0.00,10.00,0.00,2.00,1.00,2,0.53250,0.522721,0.701667,0.110087,637.00,4111.00,4748.00
292,10/19/2011,4.00,0.00,10.00,0.00,3.00,1.00,3,0.54174,0.513848,0.895217,0.243339,254.00,2170.00,2424.00
293,10/20/2011,4.00,0.00,10.00,0.00,4.00,1.00,1,0.47583,0.466525,0.636250,0.422275,471.00,3724.00,4195.00
294,10/21/2011,4.00,0.00,10.00,0.00,5.00,1.00,1,0.42750,0.423596,0.574167,0.221396,676.00,3628.00,4304.00
295,10/22/2011,4.00,0.00,10.00,0.00,6.00,0.00,1,0.42250,0.425492,0.629167,0.092667,1499.00,2809.00,4308.00
296,10/23/2011,4.00,0.00,10.00,0.00,0.00,0.00,1,0.42167,0.422333,0.741250,0.099513,1619.00,2762.00,4381.00
297,10/24/2011,4.00,0.00,10.00,0.00,1.00,1.00,1,0.46333,0.457067,0.772083,0.118792,699.00,3488.00,4187.00
298,10/25/2011,4.00,0.00,10.00,0.00,2.00,1.00,1,0.47167,0.463375,0.622917,0.166658,695.00,3992.00,4687.00
299,10/26/2011,4.00,0.00,10.00,0.00,3.00,1.00,2,0.48417,0.472846,0.720417,0.148642,404.00,3490.00,3894.00
300,10/27/2011,4.00,0.00,10.00,0.00,4.00,1.00,2,0.47000,0.457046,0.812917,0.197763,240.00,2419.00,2659.00
301,10/28/2011,4.00,0.00,10.00,0.00,5.00,1.00,2,0.33083,0.318812,0.585833,0.229479,456.00,3291.00,3747.00
302,10/29/2011,4.00,0.00,10.00,0.00,6.00,0.00,3,0.25417,0.227913,0.882500,0.351371,57.00,570.00,627.00
303,10/30/2011,4.00,0.00,10.00,0.00,0.00,0.00,1,0.31917,0.321329,0.623750,0.176617,885.00,2446.00,3331.00
304,10/31/2011,4.00,0.00,10.00,0.00,1.00,1.00,1,0.34000,0.356063,0.703333,0.106350,362.00,3307.00,3669.00
305,11/1/2011,4.00,0.00,11.00,0.00,2.00,1.00,1,0.40083,0.397088,0.683750,0.135571,410.00,3658.00,4068.00
306,11/2/2011,4.00,0.00,11.00,0.00,3.00,1.00,1,0.37750,0.390133,0.718750,0.082092,370.00,3816.00,4186.00
307,11/3/2011,4.00,0.00,11.00,0.00,4.00,1.00,1,0.40833,0.405921,0.702083,0.136817,318.00,3656.00,3974.00
308,11/4/2011,4.00,0.00,11.00,0.00,5.00,1.00,2,0.40333,0.403392,0.622500,0.271779,470.00,3576.00,4046.00
309,11/5/2011,4.00,0.00,11.00,0.00,6.00,0.00,1,0.32667,0.323854,0.519167,0.189062,1156.00,2770.00,3926.00
310,11/6/2011,4.00,0.00,11.00,0.00,0.00,0.00,1,0.34833,0.362358,0.734583,0.092054,952.00,2697.00,3649.00
311,11/7/2011,4.00,0.00,11.00,0.00,1.00,1.00,1,0.39500,0.400871,0.758750,0.057225,373.00,3662.00,4035.00
312,11/8/2011,4.00,0.00,11.00,0.00,2.00,1.00,1,0.40833,0.412246,0.721667,0.069038,376.00,3829.00,4205.00
313,11/9/2011,4.00,0.00,11.00,0.00,3.00,1.00,1,0.40000,0.409079,0.758333,0.062196,305.00,3804.00,4109.00
314,11/10/2011,4.00,0.00,11.00,0.00,4.00,1.00,2,0.38000,0.373721,0.813333,0.189067,190.00,2743.00,2933.00
315,11/11/2011,4.00,0.00,11.00,1.00,5.00,0.00,1,0.32417,0.306817,0.446250,0.314675,440.00,2928.00,3368.00
316,11/12/2011,4.00,0.00,11.00,0.00,6.00,0.00,1,0.35667,0.357942,0.552917,0.212062,1275.00,2792.00,4067.00
317,11/13/2011,4.00,0.00,11.00,0.00,0.00,0.00,1,0.44083,0.43055,0.458333,0.281721,1004.00,2713.00,3717.00
318,11/14/2011,4.00,0.00,11.00,0.00,1.00,1.00,1,0.53000,0.524612,0.587083,0.306596,595.00,3891.00,4486.00
319,11/15/2011,4.00,0.00,11.00,0.00,2.00,1.00,2,0.53000,0.507579,0.688750,0.199633,449.00,3746.00,4195.00
320,11/16/2011,4.00,0.00,11.00,0.00,3.00,1.00,3,0.45667,0.451988,0.930000,0.136829,145.00,1672.00,1817.00
321,11/17/2011,4.00,0.00,11.00,0.00,4.00,1.00,2,0.34167,0.323221,0.575833,0.305362,139.00,2914.00,3053.00
322,11/18/2011,4.00,0.00,11.00,0.00,5.00,1.00,1,0.27417,0.272721,0.410000,0.168533,245.00,3147.00,3392.00
323,11/19/2011,4.00,0.00,11.00,0.00,6.00,0.00,1,0.32917,0.324483,0.502083,0.224496,943.00,2720.00,3663.00
324,11/20/2011,4.00,0.00,11.00,0.00,0.00,0.00,2,0.46333,0.457058,0.684583,0.185950,787.00,2733.00,3520.00
325,11/21/2011,4.00,0.00,11.00,0.00,1.00,1.00,3,0.44750,0.445062,0.910000,0.138054,220.00,2545.00,2765.00
326,11/22/2011,4.00,0.00,11.00,0.00,2.00,1.00,3,0.41667,0.421696,0.962500,0.118792,69.00,1538.00,1607.00
327,11/23/2011,4.00,0.00,11.00,0.00,3.00,1.00,2,0.44083,0.430537,0.757917,0.335825,112.00,2454.00,2566.00
328,11/24/2011,4.00,0.00,11.00,1.00,4.00,0.00,1,0.37333,0.372471,0.549167,0.167304,560.00,935.00,1495.00
329,11/25/2011,4.00,0.00,11.00,0.00,5.00,1.00,1,0.37500,0.380671,0.643750,0.098896,1095.00,1697.00,2792.00
330,11/26/2011,4.00,0.00,11.00,0.00,6.00,0.00,1,0.37583,0.385087,0.681667,0.068421,1249.00,1819.00,3068.00
331,11/27/2011,4.00,0.00,11.00,0.00,0.00,0.00,1,0.45917,0.4558,0.698333,0.208954,810.00,2261.00,3071.00
332,11/28/2011,4.00,0.00,11.00,0.00,1.00,1.00,1,0.50348,0.490122,0.743043,0.142122,253.00,3614.00,3867.00
333,11/29/2011,4.00,0.00,11.00,0.00,2.00,1.00,2,0.45833,0.451375,0.830833,0.258092,96.00,2818.00,2914.00
334,11/30/2011,4.00,0.00,11.00,0.00,3.00,1.00,1,0.32500,0.311221,0.613333,0.271158,188.00,3425.00,3613.00
335,12/1/2011,4.00,0.00,12.00,0.00,4.00,1.00,1,0.31250,0.305554,0.524583,0.220158,182.00,3545.00,3727.00
336,12/2/2011,4.00,0.00,12.00,0.00,5.00,1.00,1,0.31417,0.331433,0.625833,0.100754,268.00,3672.00,3940.00
337,12/3/2011,4.00,0.00,12.00,0.00,6.00,0.00,1,0.29917,0.310604,0.612917,0.095783,706.00,2908.00,3614.00
338,12/4/2011,4.00,0.00,12.00,0.00,0.00,0.00,1,0.33083,0.3491,0.775833,0.083958,634.00,2851.00,3485.00
339,12/5/2011,4.00,0.00,12.00,0.00,1.00,1.00,2,0.38583,0.393925,0.827083,0.062208,233.00,3578.00,3811.00
340,12/6/2011,4.00,0.00,12.00,0.00,2.00,1.00,3,0.46250,0.4564,0.949583,0.232583,126.00,2468.00,2594.00
341,12/7/2011,4.00,0.00,12.00,0.00,3.00,1.00,3,0.41000,0.400246,0.970417,0.266175,50.00,655.00,705.00
342,12/8/2011,4.00,0.00,12.00,0.00,4.00,1.00,1,0.26583,0.256938,0.580000,0.240058,150.00,3172.00,3322.00
343,12/9/2011,4.00,0.00,12.00,0.00,5.00,1.00,1,0.29083,0.317542,0.695833,0.082717,261.00,3359.00,3620.00
344,12/10/2011,4.00,0.00,12.00,0.00,6.00,0.00,1,0.27500,0.266412,0.507500,0.233221,502.00,2688.00,3190.00
345,12/11/2011,4.00,0.00,12.00,0.00,0.00,0.00,1,0.22083,0.253154,0.490000,0.066542,377.00,2366.00,2743.00
346,12/12/2011,4.00,0.00,12.00,0.00,1.00,1.00,1,0.23833,0.270196,0.670833,0.063450,143.00,3167.00,3310.00
347,12/13/2011,4.00,0.00,12.00,0.00,2.00,1.00,1,0.28250,0.301138,0.590000,0.140550,155.00,3368.00,3523.00
348,12/14/2011,4.00,0.00,12.00,0.00,3.00,1.00,2,0.31750,0.338362,0.663750,0.060958,178.00,3562.00,3740.00
349,12/15/2011,4.00,0.00,12.00,0.00,4.00,1.00,2,0.42250,0.412237,0.634167,0.268042,181.00,3528.00,3709.00
350,12/16/2011,4.00,0.00,12.00,0.00,5.00,1.00,2,0.37500,0.359825,0.500417,0.260575,178.00,3399.00,3577.00
351,12/17/2011,4.00,0.00,12.00,0.00,6.00,0.00,2,0.25833,0.249371,0.560833,0.243167,275.00,2464.00,2739.00
352,12/18/2011,4.00,0.00,12.00,0.00,0.00,0.00,1,0.23833,0.245579,0.586250,0.169779,220.00,2211.00,2431.00
353,12/19/2011,4.00,0.00,12.00,0.00,1.00,1.00,1,0.27667,0.280933,0.637500,0.172896,260.00,3143.00,3403.00
354,12/20/2011,4.00,0.00,12.00,0.00,2.00,1.00,2,0.38583,0.396454,0.595417,0.061571,216.00,3534.00,3750.00
355,12/21/2011,1.00,0.00,12.00,0.00,3.00,1.00,2,0.42833,0.428017,0.858333,0.221400,107.00,2553.00,2660.00
356,12/22/2011,1.00,0.00,12.00,0.00,4.00,1.00,2,0.42333,0.426121,0.757500,0.047275,227.00,2841.00,3068.00
357,12/23/2011,1.00,0.00,12.00,0.00,5.00,1.00,1,0.37333,0.377513,0.686250,0.274246,163.00,2046.00,2209.00
358,12/24/2011,1.00,0.00,12.00,0.00,6.00,0.00,1,0.30250,0.299242,0.542500,0.190304,155.00,856.00,1011.00
359,12/25/2011,1.00,0.00,12.00,0.00,0.00,0.00,1,0.27478,0.279961,0.681304,0.155091,303.00,451.00,754.00
360,12/26/2011,1.00,0.00,12.00,1.00,1.00,0.00,1,0.32174,0.315535,0.506957,0.239465,430.00,887.00,1317.00
361,12/27/2011,1.00,0.00,12.00,0.00,2.00,1.00,2,0.32500,0.327633,0.762500,0.188450,103.00,1059.00,1162.00
362,12/28/2011,1.00,0.00,12.00,0.00,3.00,1.00,1,0.29913,0.279974,0.503913,0.293961,255.00,2047.00,2302.00
363,12/29/2011,1.00,0.00,12.00,0.00,4.00,1.00,1,0.24833,0.263892,0.574167,0.119412,254.00,2169.00,2423.00
364,12/30/2011,1.00,0.00,12.00,0.00,5.00,1.00,1,0.31167,0.318812,0.636667,0.134337,491.00,2508.00,2999.00
365,12/31/2011,1.00,0.00,12.00,0.00,6.00,0.00,1,0.41000,0.414121,0.615833,0.220154,665.00,1820.00,2485.00
366,1/1/2012,1.00,1.00,1.00,0.00,0.00,0.00,1,0.37000,0.375621,0.692500,0.192167,686.00,1608.00,2294.00
367,1/2/2012,1.00,1.00,1.00,1.00,1.00,0.00,1,0.27304,0.252304,0.381304,0.329665,244.00,1707.00,1951.00
368,1/3/2012,1.00,1.00,1.00,0.00,2.00,1.00,1,0.15000,0.126275,0.441250,0.365671,89.00,2147.00,2236.00
369,1/4/2012,1.00,1.00,1.00,0.00,3.00,1.00,2,0.10750,0.119337,0.414583,0.184700,95.00,2273.00,2368.00
370,1/5/2012,1.00,1.00,1.00,0.00,4.00,1.00,1,0.26583,0.278412,0.524167,0.129987,140.00,3132.00,3272.00
371,1/6/2012,1.00,1.00,1.00,0.00,5.00,1.00,1,0.33417,0.340267,0.542083,0.167908,307.00,3791.00,4098.00
372,1/7/2012,1.00,1.00,1.00,0.00,6.00,0.00,1,0.39333,0.390779,0.531667,0.174758,1070.00,3451.00,4521.00
373,1/8/2012,1.00,1.00,1.00,0.00,0.00,0.00,1,0.33750,0.340258,0.465000,0.191542,599.00,2826.00,3425.00
374,1/9/2012,1.00,1.00,1.00,0.00,1.00,1.00,2,0.22417,0.247479,0.701667,0.098900,106.00,2270.00,2376.00
375,1/10/2012,1.00,1.00,1.00,0.00,2.00,1.00,1,0.30870,0.318826,0.646522,0.187552,173.00,3425.00,3598.00
376,1/11/2012,1.00,1.00,1.00,0.00,3.00,1.00,2,0.27417,0.282821,0.847500,0.131221,92.00,2085.00,2177.00
377,1/12/2012,1.00,1.00,1.00,0.00,4.00,1.00,2,0.38250,0.381938,0.802917,0.180967,269.00,3828.00,4097.00
378,1/13/2012,1.00,1.00,1.00,0.00,5.00,1.00,1,0.27417,0.249362,0.507500,0.378108,174.00,3040.00,3214.00
379,1/14/2012,1.00,1.00,1.00,0.00,6.00,0.00,1,0.18000,0.183087,0.457500,0.187183,333.00,2160.00,2493.00
380,1/15/2012,1.00,1.00,1.00,0.00,0.00,0.00,1,0.16667,0.161625,0.419167,0.251258,284.00,2027.00,2311.00
381,1/16/2012,1.00,1.00,1.00,1.00,1.00,0.00,1,0.19000,0.190663,0.522500,0.231358,217.00,2081.00,2298.00
382,1/17/2012,1.00,1.00,1.00,0.00,2.00,1.00,2,0.37304,0.364278,0.716087,0.349130,127.00,2808.00,2935.00
383,1/18/2012,1.00,1.00,1.00,0.00,3.00,1.00,1,0.30333,0.275254,0.443333,0.415429,109.00,3267.00,3376.00
384,1/19/2012,1.00,1.00,1.00,0.00,4.00,1.00,1,0.19000,0.190038,0.497500,0.220158,130.00,3162.00,3292.00
385,1/20/2012,1.00,1.00,1.00,0.00,5.00,1.00,2,0.21750,0.220958,0.450000,0.202750,115.00,3048.00,3163.00
386,1/21/2012,1.00,1.00,1.00,0.00,6.00,0.00,2,0.17333,0.174875,0.831250,0.222642,67.00,1234.00,1301.00
387,1/22/2012,1.00,1.00,1.00,0.00,0.00,0.00,2,0.16250,0.16225,0.796250,0.199638,196.00,1781.00,1977.00
388,1/23/2012,1.00,1.00,1.00,0.00,1.00,1.00,2,0.21833,0.243058,0.911250,0.110708,145.00,2287.00,2432.00
389,1/24/2012,1.00,1.00,1.00,0.00,2.00,1.00,1,0.34250,0.349108,0.835833,0.123767,439.00,3900.00,4339.00
390,1/25/2012,1.00,1.00,1.00,0.00,3.00,1.00,1,0.29417,0.294821,0.643750,0.161071,467.00,3803.00,4270.00
391,1/26/2012,1.00,1.00,1.00,0.00,4.00,1.00,2,0.34167,0.35605,0.769583,0.073396,244.00,3831.00,4075.00
392,1/27/2012,1.00,1.00,1.00,0.00,5.00,1.00,2,0.42500,0.415383,0.741250,0.342667,269.00,3187.00,3456.00
393,1/28/2012,1.00,1.00,1.00,0.00,6.00,0.00,1,0.31583,0.326379,0.543333,0.210829,775.00,3248.00,4023.00
394,1/29/2012,1.00,1.00,1.00,0.00,0.00,0.00,1,0.28250,0.272721,0.311250,0.240050,558.00,2685.00,3243.00
395,1/30/2012,1.00,1.00,1.00,0.00,1.00,1.00,1,0.26917,0.262625,0.400833,0.215792,126.00,3498.00,3624.00
396,1/31/2012,1.00,1.00,1.00,0.00,2.00,1.00,1,0.39000,0.381317,0.416667,0.261817,324.00,4185.00,4509.00
397,2/1/2012,1.00,1.00,2.00,0.00,3.00,1.00,1,0.46917,0.466538,0.507917,0.189067,304.00,4275.00,4579.00
398,2/2/2012,1.00,1.00,2.00,0.00,4.00,1.00,2,0.39917,0.398971,0.672917,0.187187,190.00,3571.00,3761.00
399,2/3/2012,1.00,1.00,2.00,0.00,5.00,1.00,1,0.31333,0.309346,0.526667,0.178496,310.00,3841.00,4151.00
400,2/4/2012,1.00,1.00,2.00,0.00,6.00,0.00,2,0.26417,0.272725,0.779583,0.121896,384.00,2448.00,2832.00
401,2/5/2012,1.00,1.00,2.00,0.00,0.00,0.00,2,0.26583,0.264521,0.687917,0.175996,318.00,2629.00,2947.00
402,2/6/2012,1.00,1.00,2.00,0.00,1.00,1.00,1,0.28261,0.296426,0.622174,0.153800,206.00,3578.00,3784.00
403,2/7/2012,1.00,1.00,2.00,0.00,2.00,1.00,1,0.35417,0.361104,0.496250,0.147379,199.00,4176.00,4375.00
404,2/8/2012,1.00,1.00,2.00,0.00,3.00,1.00,2,0.25667,0.266421,0.722917,0.133721,109.00,2693.00,2802.00
405,2/9/2012,1.00,1.00,2.00,0.00,4.00,1.00,1,0.26500,0.261988,0.562083,0.194037,163.00,3667.00,3830.00
406,2/10/2012,1.00,1.00,2.00,0.00,5.00,1.00,2,0.28083,0.293558,0.540000,0.116929,227.00,3604.00,3831.00
407,2/11/2012,1.00,1.00,2.00,0.00,6.00,0.00,3,0.22417,0.210867,0.731250,0.289796,192.00,1977.00,2169.00
408,2/12/2012,1.00,1.00,2.00,0.00,0.00,0.00,1,0.12750,0.101658,0.464583,0.409212,73.00,1456.00,1529.00
409,2/13/2012,1.00,1.00,2.00,0.00,1.00,1.00,1,0.22250,0.227913,0.411250,0.167283,94.00,3328.00,3422.00
410,2/14/2012,1.00,1.00,2.00,0.00,2.00,1.00,2,0.31917,0.333946,0.508750,0.141179,135.00,3787.00,3922.00
411,2/15/2012,1.00,1.00,2.00,0.00,3.00,1.00,1,0.34833,0.351629,0.531250,0.181600,141.00,4028.00,4169.00
412,2/16/2012,1.00,1.00,2.00,0.00,4.00,1.00,2,0.31667,0.330162,0.752917,0.091425,74.00,2931.00,3005.00
413,2/17/2012,1.00,1.00,2.00,0.00,5.00,1.00,1,0.34333,0.351629,0.634583,0.205846,349.00,3805.00,4154.00
414,2/18/2012,1.00,1.00,2.00,0.00,6.00,0.00,1,0.34667,0.355425,0.534583,0.190929,1435.00,2883.00,4318.00
415,2/19/2012,1.00,1.00,2.00,0.00,0.00,0.00,2,0.28000,0.265788,0.515833,0.253112,618.00,2071.00,2689.00
416,2/20/2012,1.00,1.00,2.00,1.00,1.00,0.00,1,0.28000,0.273391,0.507826,0.229083,502.00,2627.00,3129.00
417,2/21/2012,1.00,1.00,2.00,0.00,2.00,1.00,1,0.28783,0.295113,0.594348,0.205717,163.00,3614.00,3777.00
418,2/22/2012,1.00,1.00,2.00,0.00,3.00,1.00,1,0.39583,0.392667,0.567917,0.234471,394.00,4379.00,4773.00
419,2/23/2012,1.00,1.00,2.00,0.00,4.00,1.00,1,0.45417,0.444446,0.554583,0.190913,516.00,4546.00,5062.00
420,2/24/2012,1.00,1.00,2.00,0.00,5.00,1.00,2,0.40750,0.410971,0.737500,0.237567,246.00,3241.00,3487.00
421,2/25/2012,1.00,1.00,2.00,0.00,6.00,0.00,1,0.29083,0.255675,0.395833,0.421642,317.00,2415.00,2732.00
422,2/26/2012,1.00,1.00,2.00,0.00,0.00,0.00,1,0.27917,0.268308,0.410000,0.205229,515.00,2874.00,3389.00
423,2/27/2012,1.00,1.00,2.00,0.00,1.00,1.00,1,0.36667,0.357954,0.490833,0.268033,253.00,4069.00,4322.00
424,2/28/2012,1.00,1.00,2.00,0.00,2.00,1.00,1,0.35917,0.353525,0.395833,0.193417,229.00,4134.00,4363.00
425,2/29/2012,1.00,1.00,2.00,0.00,3.00,1.00,2,0.34435,0.34847,0.804783,0.179117,65.00,1769.00,1834.00
426,3/1/2012,1.00,1.00,3.00,0.00,4.00,1.00,1,0.48583,0.475371,0.615417,0.226987,325.00,4665.00,4990.00
427,3/2/2012,1.00,1.00,3.00,0.00,5.00,1.00,2,0.35333,0.359842,0.657083,0.144904,246.00,2948.00,3194.00
428,3/3/2012,1.00,1.00,3.00,0.00,6.00,0.00,2,0.41417,0.413492,0.621250,0.161079,956.00,3110.00,4066.00
429,3/4/2012,1.00,1.00,3.00,0.00,0.00,0.00,1,0.32583,0.303021,0.403333,0.334571,710.00,2713.00,3423.00
430,3/5/2012,1.00,1.00,3.00,0.00,1.00,1.00,1,0.24333,0.241171,0.506250,0.228858,203.00,3130.00,3333.00
431,3/6/2012,1.00,1.00,3.00,0.00,2.00,1.00,1,0.25833,0.255042,0.456667,0.200875,221.00,3735.00,3956.00
432,3/7/2012,1.00,1.00,3.00,0.00,3.00,1.00,1,0.40417,0.3851,0.513333,0.345779,432.00,4484.00,4916.00
433,3/8/2012,1.00,1.00,3.00,0.00,4.00,1.00,1,0.52750,0.524604,0.567500,0.441563,486.00,4896.00,5382.00
434,3/9/2012,1.00,1.00,3.00,0.00,5.00,1.00,2,0.41083,0.397083,0.407083,0.414800,447.00,4122.00,4569.00
435,3/10/2012,1.00,1.00,3.00,0.00,6.00,0.00,1,0.28750,0.277767,0.350417,0.225750,968.00,3150.00,4118.00
436,3/11/2012,1.00,1.00,3.00,0.00,0.00,0.00,1,0.36174,0.35967,0.476957,0.222587,1658.00,3253.00,4911.00
437,3/12/2012,1.00,1.00,3.00,0.00,1.00,1.00,1,0.46667,0.459592,0.489167,0.207713,838.00,4460.00,5298.00
438,3/13/2012,1.00,1.00,3.00,0.00,2.00,1.00,1,0.56500,0.542929,0.617500,0.236950,762.00,5085.00,5847.00
439,3/14/2012,1.00,1.00,3.00,0.00,3.00,1.00,1,0.57250,0.548617,0.507083,0.115062,997.00,5315.00,6312.00
440,3/15/2012,1.00,1.00,3.00,0.00,4.00,1.00,1,0.55750,0.532825,0.579583,0.149883,1005.00,5187.00,6192.00
441,3/16/2012,1.00,1.00,3.00,0.00,5.00,1.00,2,0.43583,0.436229,0.842083,0.113192,548.00,3830.00,4378.00
442,3/17/2012,1.00,1.00,3.00,0.00,6.00,0.00,2,0.51417,0.505046,0.755833,0.110704,3155.00,4681.00,7836.00
443,3/18/2012,1.00,1.00,3.00,0.00,0.00,0.00,2,0.47250,0.464,0.810000,0.126883,2207.00,3685.00,5892.00
444,3/19/2012,1.00,1.00,3.00,0.00,1.00,1.00,1,0.54500,0.532821,0.728750,0.162317,982.00,5171.00,6153.00
445,3/20/2012,1.00,1.00,3.00,0.00,2.00,1.00,1,0.56083,0.538533,0.807917,0.121271,1051.00,5042.00,6093.00
446,3/21/2012,2.00,1.00,3.00,0.00,3.00,1.00,2,0.53167,0.513258,0.821250,0.089558,1122.00,5108.00,6230.00
447,3/22/2012,2.00,1.00,3.00,0.00,4.00,1.00,1,0.55417,0.531567,0.831250,0.117562,1334.00,5537.00,6871.00
448,3/23/2012,2.00,1.00,3.00,0.00,5.00,1.00,2,0.60167,0.570067,0.694167,0.116300,2469.00,5893.00,8362.00
449,3/24/2012,2.00,1.00,3.00,0.00,6.00,0.00,2,0.50250,0.486733,0.885417,0.192783,1033.00,2339.00,3372.00
450,3/25/2012,2.00,1.00,3.00,0.00,0.00,0.00,2,0.43750,0.437488,0.880833,0.220775,1532.00,3464.00,4996.00
451,3/26/2012,2.00,1.00,3.00,0.00,1.00,1.00,1,0.44583,0.43875,0.477917,0.386821,795.00,4763.00,5558.00
452,3/27/2012,2.00,1.00,3.00,0.00,2.00,1.00,1,0.32333,0.315654,0.290000,0.187192,531.00,4571.00,5102.00
453,3/28/2012,2.00,1.00,3.00,0.00,3.00,1.00,1,0.48417,0.47095,0.481250,0.291671,674.00,5024.00,5698.00
454,3/29/2012,2.00,1.00,3.00,0.00,4.00,1.00,1,0.49417,0.482304,0.439167,0.319650,834.00,5299.00,6133.00
455,3/30/2012,2.00,1.00,3.00,0.00,5.00,1.00,2,0.37000,0.375621,0.580833,0.138067,796.00,4663.00,5459.00
456,3/31/2012,2.00,1.00,3.00,0.00,6.00,0.00,2,0.42417,0.421708,0.738333,0.250617,2301.00,3934.00,6235.00
457,4/1/2012,2.00,1.00,4.00,0.00,0.00,0.00,2,0.42583,0.417287,0.676250,0.172267,2347.00,3694.00,6041.00
458,4/2/2012,2.00,1.00,4.00,0.00,1.00,1.00,1,0.43391,0.427513,0.504348,0.312139,1208.00,4728.00,5936.00
459,4/3/2012,2.00,1.00,4.00,0.00,2.00,1.00,1,0.46667,0.461483,0.396667,0.100133,1348.00,5424.00,6772.00
460,4/4/2012,2.00,1.00,4.00,0.00,3.00,1.00,1,0.54167,0.53345,0.469583,0.180975,1058.00,5378.00,6436.00
461,4/5/2012,2.00,1.00,4.00,0.00,4.00,1.00,1,0.43500,0.431163,0.374167,0.219529,1192.00,5265.00,6457.00
462,4/6/2012,2.00,1.00,4.00,0.00,5.00,1.00,1,0.40333,0.390767,0.377083,0.300388,1807.00,4653.00,6460.00
463,4/7/2012,2.00,1.00,4.00,0.00,6.00,0.00,1,0.43750,0.426129,0.254167,0.274871,3252.00,3605.00,6857.00
464,4/8/2012,2.00,1.00,4.00,0.00,0.00,0.00,1,0.50000,0.492425,0.275833,0.232596,2230.00,2939.00,5169.00
465,4/9/2012,2.00,1.00,4.00,0.00,1.00,1.00,1,0.48917,0.476638,0.317500,0.358196,905.00,4680.00,5585.00
466,4/10/2012,2.00,1.00,4.00,0.00,2.00,1.00,1,0.44667,0.436233,0.435000,0.249375,819.00,5099.00,5918.00
467,4/11/2012,2.00,1.00,4.00,0.00,3.00,1.00,1,0.34870,0.337274,0.469565,0.295274,482.00,4380.00,4862.00
468,4/12/2012,2.00,1.00,4.00,0.00,4.00,1.00,1,0.39750,0.387604,0.466250,0.290429,663.00,4746.00,5409.00
469,4/13/2012,2.00,1.00,4.00,0.00,5.00,1.00,1,0.44250,0.431808,0.408333,0.155471,1252.00,5146.00,6398.00
470,4/14/2012,2.00,1.00,4.00,0.00,6.00,0.00,1,0.49500,0.487996,0.502917,0.190917,2795.00,4665.00,7460.00
471,4/15/2012,2.00,1.00,4.00,0.00,0.00,0.00,1,0.60667,0.573875,0.507917,0.225129,2846.00,4286.00,7132.00
472,4/16/2012,2.00,1.00,4.00,1.00,1.00,0.00,1,0.66417,0.614925,0.561667,0.284829,1198.00,5172.00,6370.00
473,4/17/2012,2.00,1.00,4.00,0.00,2.00,1.00,1,0.60833,0.598487,0.390417,0.273629,989.00,5702.00,6691.00
474,4/18/2012,2.00,1.00,4.00,0.00,3.00,1.00,2,0.46333,0.457038,0.569167,0.167912,347.00,4020.00,4367.00
475,4/19/2012,2.00,1.00,4.00,0.00,4.00,1.00,1,0.49833,0.493046,0.612500,0.065929,846.00,5719.00,6565.00
476,4/20/2012,2.00,1.00,4.00,0.00,5.00,1.00,1,0.52667,0.515775,0.694583,0.149871,1340.00,5950.00,7290.00
477,4/21/2012,2.00,1.00,4.00,0.00,6.00,0.00,1,0.57000,0.542921,0.682917,0.283587,2541.00,4083.00,6624.00
478,4/22/2012,2.00,1.00,4.00,0.00,0.00,0.00,3,0.39667,0.389504,0.835417,0.344546,120.00,907.00,1027.00
479,4/23/2012,2.00,1.00,4.00,0.00,1.00,1.00,2,0.32167,0.301125,0.766667,0.303496,195.00,3019.00,3214.00
480,4/24/2012,2.00,1.00,4.00,0.00,2.00,1.00,1,0.41333,0.405283,0.454167,0.249383,518.00,5115.00,5633.00
481,4/25/2012,2.00,1.00,4.00,0.00,3.00,1.00,1,0.47667,0.470317,0.427917,0.118792,655.00,5541.00,6196.00
482,4/26/2012,2.00,1.00,4.00,0.00,4.00,1.00,2,0.49833,0.483583,0.756667,0.176625,475.00,4551.00,5026.00
483,4/27/2012,2.00,1.00,4.00,0.00,5.00,1.00,1,0.45750,0.452637,0.400833,0.347633,1014.00,5219.00,6233.00
484,4/28/2012,2.00,1.00,4.00,0.00,6.00,0.00,2,0.37667,0.377504,0.489583,0.129975,1120.00,3100.00,4220.00
485,4/29/2012,2.00,1.00,4.00,0.00,0.00,0.00,1,0.45833,0.450121,0.587083,0.116908,2229.00,4075.00,6304.00
486,4/30/2012,2.00,1.00,4.00,0.00,1.00,1.00,2,0.46417,0.457696,0.570000,0.171638,665.00,4907.00,5572.00
487,5/1/2012,2.00,1.00,5.00,0.00,2.00,1.00,2,0.61333,0.577021,0.659583,0.156096,653.00,5087.00,5740.00
488,5/2/2012,2.00,1.00,5.00,0.00,3.00,1.00,1,0.56417,0.537896,0.797083,0.138058,667.00,5502.00,6169.00
489,5/3/2012,2.00,1.00,5.00,0.00,4.00,1.00,2,0.56000,0.537242,0.768333,0.133696,764.00,5657.00,6421.00
490,5/4/2012,2.00,1.00,5.00,0.00,5.00,1.00,1,0.62750,0.590917,0.735417,0.162938,1069.00,5227.00,6296.00
491,5/5/2012,2.00,1.00,5.00,0.00,6.00,0.00,2,0.62167,0.584608,0.756667,0.152992,2496.00,4387.00,6883.00
492,5/6/2012,2.00,1.00,5.00,0.00,0.00,0.00,2,0.56250,0.546737,0.740000,0.149879,2135.00,4224.00,6359.00
493,5/7/2012,2.00,1.00,5.00,0.00,1.00,1.00,2,0.53750,0.527142,0.664167,0.230721,1008.00,5265.00,6273.00
494,5/8/2012,2.00,1.00,5.00,0.00,2.00,1.00,2,0.58167,0.557471,0.685833,0.296029,738.00,4990.00,5728.00
495,5/9/2012,2.00,1.00,5.00,0.00,3.00,1.00,2,0.57500,0.553025,0.744167,0.216412,620.00,4097.00,4717.00
496,5/10/2012,2.00,1.00,5.00,0.00,4.00,1.00,1,0.50583,0.491783,0.552083,0.314063,1026.00,5546.00,6572.00
497,5/11/2012,2.00,1.00,5.00,0.00,5.00,1.00,1,0.53333,0.520833,0.360417,0.236937,1319.00,5711.00,7030.00
498,5/12/2012,2.00,1.00,5.00,0.00,6.00,0.00,1,0.56417,0.544817,0.480417,0.123133,2622.00,4807.00,7429.00
499,5/13/2012,2.00,1.00,5.00,0.00,0.00,0.00,1,0.61250,0.585238,0.576250,0.225117,2172.00,3946.00,6118.00
500,5/14/2012,2.00,1.00,5.00,0.00,1.00,1.00,2,0.57333,0.5499,0.789583,0.212692,342.00,2501.00,2843.00
501,5/15/2012,2.00,1.00,5.00,0.00,2.00,1.00,2,0.61167,0.576404,0.794583,0.147392,625.00,4490.00,5115.00
502,5/16/2012,2.00,1.00,5.00,0.00,3.00,1.00,1,0.63667,0.595975,0.697917,0.122512,991.00,6433.00,7424.00
503,5/17/2012,2.00,1.00,5.00,0.00,4.00,1.00,1,0.59333,0.572613,0.520000,0.229475,1242.00,6142.00,7384.00
504,5/18/2012,2.00,1.00,5.00,0.00,5.00,1.00,1,0.56417,0.551121,0.523333,0.136817,1521.00,6118.00,7639.00
505,5/19/2012,2.00,1.00,5.00,0.00,6.00,0.00,1,0.60000,0.566908,0.456250,0.083975,3410.00,4884.00,8294.00
506,5/20/2012,2.00,1.00,5.00,0.00,0.00,0.00,1,0.62083,0.583967,0.530417,0.254367,2704.00,4425.00,7129.00
507,5/21/2012,2.00,1.00,5.00,0.00,1.00,1.00,2,0.59833,0.565667,0.811250,0.233204,630.00,3729.00,4359.00
508,5/22/2012,2.00,1.00,5.00,0.00,2.00,1.00,2,0.61500,0.580825,0.765833,0.118167,819.00,5254.00,6073.00
509,5/23/2012,2.00,1.00,5.00,0.00,3.00,1.00,2,0.62167,0.584612,0.774583,0.102000,766.00,4494.00,5260.00
510,5/24/2012,2.00,1.00,5.00,0.00,4.00,1.00,1,0.65500,0.6067,0.716667,0.172896,1059.00,5711.00,6770.00
511,5/25/2012,2.00,1.00,5.00,0.00,5.00,1.00,1,0.68000,0.627529,0.747083,0.140550,1417.00,5317.00,6734.00
512,5/26/2012,2.00,1.00,5.00,0.00,6.00,0.00,1,0.69250,0.642696,0.732500,0.198992,2855.00,3681.00,6536.00
513,5/27/2012,2.00,1.00,5.00,0.00,0.00,0.00,1,0.69000,0.641425,0.697083,0.215171,3283.00,3308.00,6591.00
514,5/28/2012,2.00,1.00,5.00,1.00,1.00,0.00,1,0.71250,0.6793,0.676250,0.196521,2557.00,3486.00,6043.00
515,5/29/2012,2.00,1.00,5.00,0.00,2.00,1.00,1,0.72250,0.672992,0.684583,0.295400,880.00,4863.00,5743.00
516,5/30/2012,2.00,1.00,5.00,0.00,3.00,1.00,2,0.65667,0.611129,0.670000,0.134329,745.00,6110.00,6855.00
517,5/31/2012,2.00,1.00,5.00,0.00,4.00,1.00,1,0.68000,0.631329,0.492917,0.195279,1100.00,6238.00,7338.00
518,6/1/2012,2.00,1.00,6.00,0.00,5.00,1.00,2,0.65417,0.607962,0.755417,0.237563,533.00,3594.00,4127.00
519,6/2/2012,2.00,1.00,6.00,0.00,6.00,0.00,1,0.58333,0.566288,0.549167,0.186562,2795.00,5325.00,8120.00
520,6/3/2012,2.00,1.00,6.00,0.00,0.00,0.00,1,0.60250,0.575133,0.493333,0.184087,2494.00,5147.00,7641.00
521,6/4/2012,2.00,1.00,6.00,0.00,1.00,1.00,1,0.59750,0.578283,0.487083,0.284833,1071.00,5927.00,6998.00
522,6/5/2012,2.00,1.00,6.00,0.00,2.00,1.00,2,0.54083,0.525892,0.613333,0.209575,968.00,6033.00,7001.00
523,6/6/2012,2.00,1.00,6.00,0.00,3.00,1.00,1,0.55417,0.542292,0.611250,0.077125,1027.00,6028.00,7055.00
524,6/7/2012,2.00,1.00,6.00,0.00,4.00,1.00,1,0.60250,0.569442,0.567083,0.157350,1038.00,6456.00,7494.00
525,6/8/2012,2.00,1.00,6.00,0.00,5.00,1.00,1,0.64917,0.597862,0.467917,0.175383,1488.00,6248.00,7736.00
526,6/9/2012,2.00,1.00,6.00,0.00,6.00,0.00,1,0.71083,0.648367,0.437083,0.144287,2708.00,4790.00,7498.00
527,6/10/2012,2.00,1.00,6.00,0.00,0.00,0.00,1,0.72667,0.663517,0.538333,0.133721,2224.00,4374.00,6598.00
528,6/11/2012,2.00,1.00,6.00,0.00,1.00,1.00,2,0.72083,0.659721,0.587917,0.207713,1017.00,5647.00,6664.00
529,6/12/2012,2.00,1.00,6.00,0.00,2.00,1.00,2,0.65333,0.597875,0.833333,0.214546,477.00,4495.00,4972.00
530,6/13/2012,2.00,1.00,6.00,0.00,3.00,1.00,1,0.65583,0.611117,0.582083,0.343279,1173.00,6248.00,7421.00
531,6/14/2012,2.00,1.00,6.00,0.00,4.00,1.00,1,0.64833,0.624383,0.569583,0.253733,1180.00,6183.00,7363.00
532,6/15/2012,2.00,1.00,6.00,0.00,5.00,1.00,1,0.63917,0.599754,0.589583,0.176617,1563.00,6102.00,7665.00
533,6/16/2012,2.00,1.00,6.00,0.00,6.00,0.00,1,0.63167,0.594708,0.504167,0.166667,2963.00,4739.00,7702.00
534,6/17/2012,2.00,1.00,6.00,0.00,0.00,0.00,1,0.59250,0.571975,0.598750,0.144904,2634.00,4344.00,6978.00
535,6/18/2012,2.00,1.00,6.00,0.00,1.00,1.00,2,0.56833,0.544842,0.777917,0.174746,653.00,4446.00,5099.00
536,6/19/2012,2.00,1.00,6.00,0.00,2.00,1.00,1,0.68833,0.654692,0.690000,0.148017,968.00,5857.00,6825.00
537,6/20/2012,2.00,1.00,6.00,0.00,3.00,1.00,1,0.78250,0.720975,0.592083,0.113812,872.00,5339.00,6211.00
538,6/21/2012,3.00,1.00,6.00,0.00,4.00,1.00,1,0.80583,0.752542,0.567917,0.118787,778.00,5127.00,5905.00
539,6/22/2012,3.00,1.00,6.00,0.00,5.00,1.00,1,0.77750,0.724121,0.573750,0.182842,964.00,4859.00,5823.00
540,6/23/2012,3.00,1.00,6.00,0.00,6.00,0.00,1,0.73167,0.652792,0.534583,0.179721,2657.00,4801.00,7458.00
541,6/24/2012,3.00,1.00,6.00,0.00,0.00,0.00,1,0.74333,0.674254,0.479167,0.145525,2551.00,4340.00,6891.00
542,6/25/2012,3.00,1.00,6.00,0.00,1.00,1.00,1,0.71583,0.654042,0.504167,0.300383,1139.00,5640.00,6779.00
543,6/26/2012,3.00,1.00,6.00,0.00,2.00,1.00,1,0.63083,0.594704,0.373333,0.347642,1077.00,6365.00,7442.00
544,6/27/2012,3.00,1.00,6.00,0.00,3.00,1.00,1,0.69750,0.640792,0.360000,0.271775,1077.00,6258.00,7335.00
545,6/28/2012,3.00,1.00,6.00,0.00,4.00,1.00,1,0.74917,0.675512,0.422500,0.171650,921.00,5958.00,6879.00
546,6/29/2012,3.00,1.00,6.00,0.00,5.00,1.00,1,0.83417,0.786613,0.488750,0.165417,829.00,4634.00,5463.00
547,6/30/2012,3.00,1.00,6.00,0.00,6.00,0.00,1,0.76500,0.687508,0.601250,0.161071,1455.00,4232.00,5687.00
548,7/1/2012,3.00,1.00,7.00,0.00,0.00,0.00,1,0.81583,0.750629,0.518750,0.168529,1421.00,4110.00,5531.00
549,7/2/2012,3.00,1.00,7.00,0.00,1.00,1.00,1,0.78167,0.702038,0.447083,0.195267,904.00,5323.00,6227.00
550,7/3/2012,3.00,1.00,7.00,0.00,2.00,1.00,1,0.78083,0.70265,0.492083,0.126237,1052.00,5608.00,6660.00
551,7/4/2012,3.00,1.00,7.00,1.00,3.00,0.00,1,0.78917,0.732337,0.538750,0.134950,2562.00,4841.00,7403.00
552,7/5/2012,3.00,1.00,7.00,0.00,4.00,1.00,1,0.82750,0.761367,0.457917,0.194029,1405.00,4836.00,6241.00
553,7/6/2012,3.00,1.00,7.00,0.00,5.00,1.00,1,0.82833,0.752533,0.450833,0.146142,1366.00,4841.00,6207.00
554,7/7/2012,3.00,1.00,7.00,0.00,6.00,0.00,1,0.86167,0.804913,0.492083,0.163554,1448.00,3392.00,4840.00
555,7/8/2012,3.00,1.00,7.00,0.00,0.00,0.00,1,0.82250,0.790396,0.573750,0.125629,1203.00,3469.00,4672.00
556,7/9/2012,3.00,1.00,7.00,0.00,1.00,1.00,2,0.71083,0.654054,0.683333,0.180975,998.00,5571.00,6569.00
557,7/10/2012,3.00,1.00,7.00,0.00,2.00,1.00,2,0.72083,0.664796,0.667500,0.151737,954.00,5336.00,6290.00
558,7/11/2012,3.00,1.00,7.00,0.00,3.00,1.00,1,0.71667,0.650271,0.633333,0.151733,975.00,6289.00,7264.00
559,7/12/2012,3.00,1.00,7.00,0.00,4.00,1.00,1,0.71583,0.654683,0.529583,0.146775,1032.00,6414.00,7446.00
560,7/13/2012,3.00,1.00,7.00,0.00,5.00,1.00,2,0.73167,0.667933,0.485833,0.080850,1511.00,5988.00,7499.00
561,7/14/2012,3.00,1.00,7.00,0.00,6.00,0.00,2,0.70333,0.666042,0.699167,0.143679,2355.00,4614.00,6969.00
562,7/15/2012,3.00,1.00,7.00,0.00,0.00,0.00,1,0.74583,0.705196,0.717917,0.166667,1920.00,4111.00,6031.00
563,7/16/2012,3.00,1.00,7.00,0.00,1.00,1.00,1,0.76333,0.724125,0.645000,0.164187,1088.00,5742.00,6830.00
564,7/17/2012,3.00,1.00,7.00,0.00,2.00,1.00,1,0.81833,0.755683,0.505833,0.114429,921.00,5865.00,6786.00
565,7/18/2012,3.00,1.00,7.00,0.00,3.00,1.00,1,0.79333,0.745583,0.577083,0.137442,799.00,4914.00,5713.00
566,7/19/2012,3.00,1.00,7.00,0.00,4.00,1.00,1,0.77000,0.714642,0.600417,0.165429,888.00,5703.00,6591.00
567,7/20/2012,3.00,1.00,7.00,0.00,5.00,1.00,2,0.66583,0.613025,0.844167,0.208967,747.00,5123.00,5870.00
568,7/21/2012,3.00,1.00,7.00,0.00,6.00,0.00,3,0.59583,0.549912,0.865417,0.213300,1264.00,3195.00,4459.00
569,7/22/2012,3.00,1.00,7.00,0.00,0.00,0.00,2,0.66750,0.623125,0.762500,0.093921,2544.00,4866.00,7410.00
570,7/23/2012,3.00,1.00,7.00,0.00,1.00,1.00,1,0.74167,0.690017,0.694167,0.138683,1135.00,5831.00,6966.00
571,7/24/2012,3.00,1.00,7.00,0.00,2.00,1.00,1,0.75083,0.70645,0.655000,0.211454,1140.00,6452.00,7592.00
572,7/25/2012,3.00,1.00,7.00,0.00,3.00,1.00,1,0.72417,0.654054,0.450000,0.164800,1383.00,6790.00,8173.00
573,7/26/2012,3.00,1.00,7.00,0.00,4.00,1.00,1,0.77667,0.739263,0.596667,0.284813,1036.00,5825.00,6861.00
574,7/27/2012,3.00,1.00,7.00,0.00,5.00,1.00,1,0.78167,0.734217,0.594583,0.152992,1259.00,5645.00,6904.00
575,7/28/2012,3.00,1.00,7.00,0.00,6.00,0.00,1,0.75583,0.697604,0.613333,0.157350,2234.00,4451.00,6685.00
576,7/29/2012,3.00,1.00,7.00,0.00,0.00,0.00,1,0.72167,0.667933,0.623750,0.170396,2153.00,4444.00,6597.00
577,7/30/2012,3.00,1.00,7.00,0.00,1.00,1.00,1,0.73083,0.684987,0.668750,0.153617,1040.00,6065.00,7105.00
578,7/31/2012,3.00,1.00,7.00,0.00,2.00,1.00,1,0.71333,0.662896,0.704167,0.165425,968.00,6248.00,7216.00
579,8/1/2012,3.00,1.00,8.00,0.00,3.00,1.00,1,0.71750,0.667308,0.677500,0.141179,1074.00,6506.00,7580.00
580,8/2/2012,3.00,1.00,8.00,0.00,4.00,1.00,1,0.75250,0.707088,0.659583,0.129354,983.00,6278.00,7261.00
581,8/3/2012,3.00,1.00,8.00,0.00,5.00,1.00,2,0.76583,0.722867,0.642500,0.215792,1328.00,5847.00,7175.00
582,8/4/2012,3.00,1.00,8.00,0.00,6.00,0.00,1,0.79333,0.751267,0.613333,0.257458,2345.00,4479.00,6824.00
583,8/5/2012,3.00,1.00,8.00,0.00,0.00,0.00,1,0.76917,0.731079,0.652500,0.290421,1707.00,3757.00,5464.00
584,8/6/2012,3.00,1.00,8.00,0.00,1.00,1.00,2,0.75250,0.710246,0.654167,0.129354,1233.00,5780.00,7013.00
585,8/7/2012,3.00,1.00,8.00,0.00,2.00,1.00,2,0.73583,0.697621,0.703750,0.116908,1278.00,5995.00,7273.00
586,8/8/2012,3.00,1.00,8.00,0.00,3.00,1.00,2,0.75000,0.707717,0.672917,0.110700,1263.00,6271.00,7534.00
587,8/9/2012,3.00,1.00,8.00,0.00,4.00,1.00,1,0.75583,0.699508,0.620417,0.156100,1196.00,6090.00,7286.00
588,8/10/2012,3.00,1.00,8.00,0.00,5.00,1.00,2,0.71583,0.667942,0.715833,0.238813,1065.00,4721.00,5786.00
589,8/11/2012,3.00,1.00,8.00,0.00,6.00,0.00,2,0.69250,0.638267,0.732917,0.206479,2247.00,4052.00,6299.00
590,8/12/2012,3.00,1.00,8.00,0.00,0.00,0.00,1,0.70083,0.644579,0.530417,0.122512,2182.00,4362.00,6544.00
591,8/13/2012,3.00,1.00,8.00,0.00,1.00,1.00,1,0.72083,0.662254,0.545417,0.136212,1207.00,5676.00,6883.00
592,8/14/2012,3.00,1.00,8.00,0.00,2.00,1.00,1,0.72667,0.676779,0.686667,0.169158,1128.00,5656.00,6784.00
593,8/15/2012,3.00,1.00,8.00,0.00,3.00,1.00,1,0.70667,0.654037,0.619583,0.169771,1198.00,6149.00,7347.00
594,8/16/2012,3.00,1.00,8.00,0.00,4.00,1.00,1,0.71917,0.654688,0.519167,0.141796,1338.00,6267.00,7605.00
595,8/17/2012,3.00,1.00,8.00,0.00,5.00,1.00,1,0.72333,0.2424,0.570833,0.231354,1483.00,5665.00,7148.00
596,8/18/2012,3.00,1.00,8.00,0.00,6.00,0.00,1,0.67833,0.618071,0.603333,0.177867,2827.00,5038.00,7865.00
597,8/19/2012,3.00,1.00,8.00,0.00,0.00,0.00,2,0.63583,0.603554,0.711667,0.086450,1208.00,3341.00,4549.00
598,8/20/2012,3.00,1.00,8.00,0.00,1.00,1.00,2,0.63583,0.595967,0.734167,0.129979,1026.00,5504.00,6530.00
599,8/21/2012,3.00,1.00,8.00,0.00,2.00,1.00,1,0.64917,0.601025,0.673750,0.072771,1081.00,5925.00,7006.00
600,8/22/2012,3.00,1.00,8.00,0.00,3.00,1.00,1,0.66750,0.621854,0.677083,0.070283,1094.00,6281.00,7375.00
601,8/23/2012,3.00,1.00,8.00,0.00,4.00,1.00,1,0.69583,0.637008,0.635833,0.084596,1363.00,6402.00,7765.00
602,8/24/2012,3.00,1.00,8.00,0.00,5.00,1.00,2,0.70250,0.6471,0.615000,0.072146,1325.00,6257.00,7582.00
603,8/25/2012,3.00,1.00,8.00,0.00,6.00,0.00,2,0.66167,0.618696,0.712917,0.244408,1829.00,4224.00,6053.00
604,8/26/2012,3.00,1.00,8.00,0.00,0.00,0.00,2,0.65333,0.595996,0.845833,0.228858,1483.00,3772.00,5255.00
605,8/27/2012,3.00,1.00,8.00,0.00,1.00,1.00,1,0.70333,0.654688,0.730417,0.128733,989.00,5928.00,6917.00
606,8/28/2012,3.00,1.00,8.00,0.00,2.00,1.00,1,0.72833,0.66605,0.620000,0.190925,935.00,6105.00,7040.00
607,8/29/2012,3.00,1.00,8.00,0.00,3.00,1.00,1,0.68500,0.635733,0.552083,0.112562,1177.00,6520.00,7697.00
608,8/30/2012,3.00,1.00,8.00,0.00,4.00,1.00,1,0.70667,0.652779,0.590417,0.077117,1172.00,6541.00,7713.00
609,8/31/2012,3.00,1.00,8.00,0.00,5.00,1.00,1,0.76417,0.6894,0.587500,0.168533,1433.00,5917.00,7350.00
610,9/1/2012,3.00,1.00,9.00,0.00,6.00,0.00,2,0.75333,0.702654,0.638333,0.113187,2352.00,3788.00,6140.00
611,9/2/2012,3.00,1.00,9.00,0.00,0.00,0.00,2,0.69667,0.649,0.815000,0.064071,2613.00,3197.00,5810.00
612,9/3/2012,3.00,1.00,9.00,1.00,1.00,0.00,1,0.70750,0.661629,0.790833,0.151121,1965.00,4069.00,6034.00
613,9/4/2012,3.00,1.00,9.00,0.00,2.00,1.00,1,0.72583,0.686888,0.755000,0.236321,867.00,5997.00,6864.00
614,9/5/2012,3.00,1.00,9.00,0.00,3.00,1.00,1,0.73667,0.708983,0.741250,0.187808,832.00,6280.00,7112.00
615,9/6/2012,3.00,1.00,9.00,0.00,4.00,1.00,2,0.69667,0.655329,0.810417,0.142421,611.00,5592.00,6203.00
616,9/7/2012,3.00,1.00,9.00,0.00,5.00,1.00,1,0.70333,0.657204,0.736250,0.171646,1045.00,6459.00,7504.00
617,9/8/2012,3.00,1.00,9.00,0.00,6.00,0.00,2,0.65917,0.611121,0.799167,0.281104,1557.00,4419.00,5976.00
618,9/9/2012,3.00,1.00,9.00,0.00,0.00,0.00,1,0.61000,0.578925,0.547500,0.224496,2570.00,5657.00,8227.00
619,9/10/2012,3.00,1.00,9.00,0.00,1.00,1.00,1,0.58333,0.565654,0.503750,0.258713,1118.00,6407.00,7525.00
620,9/11/2012,3.00,1.00,9.00,0.00,2.00,1.00,1,0.57750,0.554292,0.520000,0.092054,1070.00,6697.00,7767.00
621,9/12/2012,3.00,1.00,9.00,0.00,3.00,1.00,1,0.59917,0.570075,0.577083,0.131846,1050.00,6820.00,7870.00
622,9/13/2012,3.00,1.00,9.00,0.00,4.00,1.00,1,0.61250,0.579558,0.637083,0.082721,1054.00,6750.00,7804.00
623,9/14/2012,3.00,1.00,9.00,0.00,5.00,1.00,1,0.63333,0.594083,0.672500,0.103863,1379.00,6630.00,8009.00
624,9/15/2012,3.00,1.00,9.00,0.00,6.00,0.00,1,0.60833,0.585867,0.501667,0.247521,3160.00,5554.00,8714.00
625,9/16/2012,3.00,1.00,9.00,0.00,0.00,0.00,1,0.58000,0.563125,0.570000,0.090183,2166.00,5167.00,7333.00
626,9/17/2012,3.00,1.00,9.00,0.00,1.00,1.00,2,0.58083,0.55305,0.734583,0.151742,1022.00,5847.00,6869.00
627,9/18/2012,3.00,1.00,9.00,0.00,2.00,1.00,2,0.62333,0.565067,0.872500,0.357587,371.00,3702.00,4073.00
628,9/19/2012,3.00,1.00,9.00,0.00,3.00,1.00,1,0.55250,0.540404,0.536667,0.215175,788.00,6803.00,7591.00
629,9/20/2012,3.00,1.00,9.00,0.00,4.00,1.00,1,0.54667,0.532192,0.618333,0.118167,939.00,6781.00,7720.00
630,9/21/2012,3.00,1.00,9.00,0.00,5.00,1.00,1,0.59917,0.571971,0.668750,0.154229,1250.00,6917.00,8167.00
631,9/22/2012,3.00,1.00,9.00,0.00,6.00,0.00,1,0.65000,0.610488,0.646667,0.283583,2512.00,5883.00,8395.00
632,9/23/2012,4.00,1.00,9.00,0.00,0.00,0.00,1,0.52917,0.518933,0.467083,0.223258,2454.00,5453.00,7907.00
633,9/24/2012,4.00,1.00,9.00,0.00,1.00,1.00,1,0.51417,0.502513,0.492917,0.142404,1001.00,6435.00,7436.00
634,9/25/2012,4.00,1.00,9.00,0.00,2.00,1.00,1,0.55000,0.544179,0.570000,0.236321,845.00,6693.00,7538.00
635,9/26/2012,4.00,1.00,9.00,0.00,3.00,1.00,1,0.63500,0.596613,0.630833,0.244400,787.00,6946.00,7733.00
636,9/27/2012,4.00,1.00,9.00,0.00,4.00,1.00,2,0.65000,0.607975,0.690833,0.134342,751.00,6642.00,7393.00
637,9/28/2012,4.00,1.00,9.00,0.00,5.00,1.00,2,0.61917,0.585863,0.690000,0.164179,1045.00,6370.00,7415.00
638,9/29/2012,4.00,1.00,9.00,0.00,6.00,0.00,1,0.54250,0.530296,0.542917,0.227604,2589.00,5966.00,8555.00
639,9/30/2012,4.00,1.00,9.00,0.00,0.00,0.00,1,0.52667,0.517663,0.583333,0.134958,2015.00,4874.00,6889.00
640,10/1/2012,4.00,1.00,10.00,0.00,1.00,1.00,2,0.52083,0.512,0.649167,0.090804,763.00,6015.00,6778.00
641,10/2/2012,4.00,1.00,10.00,0.00,2.00,1.00,3,0.59083,0.542333,0.871667,0.104475,315.00,4324.00,4639.00
642,10/3/2012,4.00,1.00,10.00,0.00,3.00,1.00,2,0.65750,0.599133,0.793750,0.066546,728.00,6844.00,7572.00
643,10/4/2012,4.00,1.00,10.00,0.00,4.00,1.00,2,0.65750,0.607975,0.722917,0.117546,891.00,6437.00,7328.00
644,10/5/2012,4.00,1.00,10.00,0.00,5.00,1.00,1,0.61500,0.580187,0.627500,0.106350,1516.00,6640.00,8156.00
645,10/6/2012,4.00,1.00,10.00,0.00,6.00,0.00,1,0.55417,0.538521,0.664167,0.268025,3031.00,4934.00,7965.00
646,10/7/2012,4.00,1.00,10.00,0.00,0.00,0.00,2,0.41583,0.419813,0.708333,0.141162,781.00,2729.00,3510.00
647,10/8/2012,4.00,1.00,10.00,1.00,1.00,0.00,2,0.38333,0.387608,0.709583,0.189679,874.00,4604.00,5478.00
648,10/9/2012,4.00,1.00,10.00,0.00,2.00,1.00,2,0.44667,0.438112,0.761667,0.190300,601.00,5791.00,6392.00
649,10/10/2012,4.00,1.00,10.00,0.00,3.00,1.00,1,0.51417,0.503142,0.630833,0.187821,780.00,6911.00,7691.00
650,10/11/2012,4.00,1.00,10.00,0.00,4.00,1.00,1,0.43500,0.431167,0.463333,0.181596,834.00,6736.00,7570.00
651,10/12/2012,4.00,1.00,10.00,0.00,5.00,1.00,1,0.43750,0.433071,0.539167,0.235092,1060.00,6222.00,7282.00
652,10/13/2012,4.00,1.00,10.00,0.00,6.00,0.00,1,0.39333,0.391396,0.494583,0.146142,2252.00,4857.00,7109.00
653,10/14/2012,4.00,1.00,10.00,0.00,0.00,0.00,1,0.52167,0.508204,0.640417,0.278612,2080.00,4559.00,6639.00
654,10/15/2012,4.00,1.00,10.00,0.00,1.00,1.00,2,0.56167,0.53915,0.707500,0.296037,760.00,5115.00,5875.00
655,10/16/2012,4.00,1.00,10.00,0.00,2.00,1.00,1,0.46833,0.460846,0.558333,0.182221,922.00,6612.00,7534.00
656,10/17/2012,4.00,1.00,10.00,0.00,3.00,1.00,1,0.45583,0.450108,0.692917,0.101371,979.00,6482.00,7461.00
657,10/18/2012,4.00,1.00,10.00,0.00,4.00,1.00,2,0.52250,0.512625,0.728333,0.236937,1008.00,6501.00,7509.00
658,10/19/2012,4.00,1.00,10.00,0.00,5.00,1.00,2,0.56333,0.537896,0.815000,0.134954,753.00,4671.00,5424.00
659,10/20/2012,4.00,1.00,10.00,0.00,6.00,0.00,1,0.48417,0.472842,0.572917,0.117537,2806.00,5284.00,8090.00
660,10/21/2012,4.00,1.00,10.00,0.00,0.00,0.00,1,0.46417,0.456429,0.510000,0.166054,2132.00,4692.00,6824.00
661,10/22/2012,4.00,1.00,10.00,0.00,1.00,1.00,1,0.48750,0.482942,0.568333,0.081483,830.00,6228.00,7058.00
662,10/23/2012,4.00,1.00,10.00,0.00,2.00,1.00,1,0.54417,0.530304,0.641667,0.094546,841.00,6625.00,7466.00
663,10/24/2012,4.00,1.00,10.00,0.00,3.00,1.00,1,0.58750,0.558721,0.636250,0.072779,795.00,6898.00,7693.00
664,10/25/2012,4.00,1.00,10.00,0.00,4.00,1.00,2,0.55000,0.529688,0.800417,0.124375,875.00,6484.00,7359.00
665,10/26/2012,4.00,1.00,10.00,0.00,5.00,1.00,2,0.54583,0.52275,0.807083,0.132467,1182.00,6262.00,7444.00
666,10/27/2012,4.00,1.00,10.00,0.00,6.00,0.00,2,0.53000,0.515133,0.720000,0.235692,2643.00,5209.00,7852.00
667,10/28/2012,4.00,1.00,10.00,0.00,0.00,0.00,2,0.47750,0.467771,0.694583,0.398008,998.00,3461.00,4459.00
668,10/29/2012,4.00,1.00,10.00,0.00,1.00,1.00,3,0.44000,0.4394,0.880000,0.358200,2.00,20.00,22.00
669,10/30/2012,4.00,1.00,10.00,0.00,2.00,1.00,2,0.31818,0.309909,0.825455,0.213009,87.00,1009.00,1096.00
670,10/31/2012,4.00,1.00,10.00,0.00,3.00,1.00,2,0.35750,0.3611,0.666667,0.166667,419.00,5147.00,5566.00
671,11/1/2012,4.00,1.00,11.00,0.00,4.00,1.00,2,0.36583,0.369942,0.581667,0.157346,466.00,5520.00,5986.00
672,11/2/2012,4.00,1.00,11.00,0.00,5.00,1.00,1,0.35500,0.356042,0.522083,0.266175,618.00,5229.00,5847.00
673,11/3/2012,4.00,1.00,11.00,0.00,6.00,0.00,2,0.34333,0.323846,0.491250,0.270529,1029.00,4109.00,5138.00
674,11/4/2012,4.00,1.00,11.00,0.00,0.00,0.00,1,0.32583,0.329538,0.532917,0.179108,1201.00,3906.00,5107.00
675,11/5/2012,4.00,1.00,11.00,0.00,1.00,1.00,1,0.31917,0.308075,0.494167,0.236325,378.00,4881.00,5259.00
676,11/6/2012,4.00,1.00,11.00,0.00,2.00,1.00,1,0.28083,0.281567,0.567083,0.173513,466.00,5220.00,5686.00
677,11/7/2012,4.00,1.00,11.00,0.00,3.00,1.00,2,0.29583,0.274621,0.547500,0.304108,326.00,4709.00,5035.00
678,11/8/2012,4.00,1.00,11.00,0.00,4.00,1.00,1,0.35217,0.341891,0.333478,0.347835,340.00,4975.00,5315.00
679,11/9/2012,4.00,1.00,11.00,0.00,5.00,1.00,1,0.36167,0.355413,0.540833,0.214558,709.00,5283.00,5992.00
680,11/10/2012,4.00,1.00,11.00,0.00,6.00,0.00,1,0.38917,0.393937,0.645417,0.057846,2090.00,4446.00,6536.00
681,11/11/2012,4.00,1.00,11.00,0.00,0.00,0.00,1,0.42083,0.421713,0.659167,0.127500,2290.00,4562.00,6852.00
682,11/12/2012,4.00,1.00,11.00,1.00,1.00,0.00,1,0.48500,0.475383,0.741667,0.173517,1097.00,5172.00,6269.00
683,11/13/2012,4.00,1.00,11.00,0.00,2.00,1.00,2,0.34333,0.323225,0.662917,0.342046,327.00,3767.00,4094.00
684,11/14/2012,4.00,1.00,11.00,0.00,3.00,1.00,1,0.28917,0.281563,0.552083,0.199625,373.00,5122.00,5495.00
685,11/15/2012,4.00,1.00,11.00,0.00,4.00,1.00,2,0.32167,0.324492,0.620417,0.152987,320.00,5125.00,5445.00
686,11/16/2012,4.00,1.00,11.00,0.00,5.00,1.00,1,0.34500,0.347204,0.524583,0.171025,484.00,5214.00,5698.00
687,11/17/2012,4.00,1.00,11.00,0.00,6.00,0.00,1,0.32500,0.326383,0.545417,0.179729,1313.00,4316.00,5629.00
688,11/18/2012,4.00,1.00,11.00,0.00,0.00,0.00,1,0.34250,0.337746,0.692917,0.227612,922.00,3747.00,4669.00
689,11/19/2012,4.00,1.00,11.00,0.00,1.00,1.00,2,0.38083,0.375621,0.623333,0.235067,449.00,5050.00,5499.00
690,11/20/2012,4.00,1.00,11.00,0.00,2.00,1.00,2,0.37417,0.380667,0.685000,0.082725,534.00,5100.00,5634.00
691,11/21/2012,4.00,1.00,11.00,0.00,3.00,1.00,1,0.35333,0.364892,0.613750,0.103246,615.00,4531.00,5146.00
692,11/22/2012,4.00,1.00,11.00,1.00,4.00,0.00,1,0.34000,0.350371,0.580417,0.052871,955.00,1470.00,2425.00
693,11/23/2012,4.00,1.00,11.00,0.00,5.00,1.00,1,0.36833,0.378779,0.568750,0.148021,1603.00,2307.00,3910.00
694,11/24/2012,4.00,1.00,11.00,0.00,6.00,0.00,1,0.27833,0.248742,0.404583,0.376871,532.00,1745.00,2277.00
695,11/25/2012,4.00,1.00,11.00,0.00,0.00,0.00,1,0.24583,0.257583,0.468333,0.150500,309.00,2115.00,2424.00
696,11/26/2012,4.00,1.00,11.00,0.00,1.00,1.00,1,0.31333,0.339004,0.535417,0.046650,337.00,4750.00,5087.00
697,11/27/2012,4.00,1.00,11.00,0.00,2.00,1.00,2,0.29167,0.281558,0.786667,0.237562,123.00,3836.00,3959.00
698,11/28/2012,4.00,1.00,11.00,0.00,3.00,1.00,1,0.29667,0.289762,0.506250,0.210821,198.00,5062.00,5260.00
699,11/29/2012,4.00,1.00,11.00,0.00,4.00,1.00,1,0.28087,0.298422,0.555652,0.115522,243.00,5080.00,5323.00
700,11/30/2012,4.00,1.00,11.00,0.00,5.00,1.00,1,0.29833,0.323867,0.649583,0.058471,362.00,5306.00,5668.00
701,12/1/2012,4.00,1.00,12.00,0.00,6.00,0.00,2,0.29833,0.316904,0.806667,0.059704,951.00,4240.00,5191.00
702,12/2/2012,4.00,1.00,12.00,0.00,0.00,0.00,2,0.34750,0.359208,0.823333,0.124379,892.00,3757.00,4649.00
703,12/3/2012,4.00,1.00,12.00,0.00,1.00,1.00,1,0.45250,0.455796,0.767500,0.082721,555.00,5679.00,6234.00
704,12/4/2012,4.00,1.00,12.00,0.00,2.00,1.00,1,0.47583,0.469054,0.733750,0.174129,551.00,6055.00,6606.00
705,12/5/2012,4.00,1.00,12.00,0.00,3.00,1.00,1,0.43833,0.428012,0.485000,0.324021,331.00,5398.00,5729.00
706,12/6/2012,4.00,1.00,12.00,0.00,4.00,1.00,1,0.25583,0.258204,0.508750,0.174754,340.00,5035.00,5375.00
707,12/7/2012,4.00,1.00,12.00,0.00,5.00,1.00,2,0.32083,0.321958,0.764167,0.130600,349.00,4659.00,5008.00
708,12/8/2012,4.00,1.00,12.00,0.00,6.00,0.00,2,0.38167,0.389508,0.911250,0.101379,1153.00,4429.00,5582.00
709,12/9/2012,4.00,1.00,12.00,0.00,0.00,0.00,2,0.38417,0.390146,0.905417,0.157975,441.00,2787.00,3228.00
710,12/10/2012,4.00,1.00,12.00,0.00,1.00,1.00,2,0.43583,0.435575,0.925000,0.190308,329.00,4841.00,5170.00
711,12/11/2012,4.00,1.00,12.00,0.00,2.00,1.00,2,0.35333,0.338363,0.596667,0.296037,282.00,5219.00,5501.00
712,12/12/2012,4.00,1.00,12.00,0.00,3.00,1.00,2,0.29750,0.297338,0.538333,0.162937,310.00,5009.00,5319.00
713,12/13/2012,4.00,1.00,12.00,0.00,4.00,1.00,1,0.29583,0.294188,0.485833,0.174129,425.00,5107.00,5532.00
714,12/14/2012,4.00,1.00,12.00,0.00,5.00,1.00,1,0.28167,0.294192,0.642917,0.131229,429.00,5182.00,5611.00
715,12/15/2012,4.00,1.00,12.00,0.00,6.00,0.00,1,0.32417,0.338383,0.650417,0.106350,767.00,4280.00,5047.00
716,12/16/2012,4.00,1.00,12.00,0.00,0.00,0.00,2,0.36250,0.369938,0.838750,0.100742,538.00,3248.00,3786.00
717,12/17/2012,4.00,1.00,12.00,0.00,1.00,1.00,2,0.39333,0.4015,0.907083,0.098258,212.00,4373.00,4585.00
718,12/18/2012,4.00,1.00,12.00,0.00,2.00,1.00,1,0.41083,0.409708,0.666250,0.221404,433.00,5124.00,5557.00
719,12/19/2012,4.00,1.00,12.00,0.00,3.00,1.00,1,0.33250,0.342162,0.625417,0.184092,333.00,4934.00,5267.00
720,12/20/2012,4.00,1.00,12.00,0.00,4.00,1.00,2,0.33000,0.335217,0.667917,0.132463,314.00,3814.00,4128.00
721,12/21/2012,1.00,1.00,12.00,0.00,5.00,1.00,2,0.32667,0.301767,0.556667,0.374383,221.00,3402.00,3623.00
722,12/22/2012,1.00,1.00,12.00,0.00,6.00,0.00,1,0.26583,0.236113,0.441250,0.407346,205.00,1544.00,1749.00
723,12/23/2012,1.00,1.00,12.00,0.00,0.00,0.00,1,0.24583,0.259471,0.515417,0.133083,408.00,1379.00,1787.00
724,12/24/2012,1.00,1.00,12.00,0.00,1.00,1.00,2,0.23130,0.2589,0.791304,0.077230,174.00,746.00,920.00
725,12/25/2012,1.00,1.00,12.00,1.00,2.00,0.00,2,0.29130,0.294465,0.734783,0.168726,440.00,573.00,1013.00
726,12/26/2012,1.00,1.00,12.00,0.00,3.00,1.00,3,0.24333,0.220333,0.823333,0.316546,9.00,432.00,441.00
727,12/27/2012,1.00,1.00,12.00,0.00,4.00,1.00,2,0.25417,0.226642,0.652917,0.350133,247.00,1867.00,2114.00
728,12/28/2012,1.00,1.00,12.00,0.00,5.00,1.00,2,0.25333,0.255046,0.590000,0.155471,644.00,2451.00,3095.00
729,12/29/2012,1.00,1.00,12.00,0.00,6.00,0.00,2,0.25333,0.2424,0.752917,0.124383,159.00,1182.00,1341.00
730,12/30/2012,1.00,1.00,12.00,0.00,0.00,0.00,1,0.25583,0.2317,0.483333,0.350754,364.00,1432.00,1796.00
731,12/31/2012,1.00,1.00,12.00,0.00,1.00,1.00,2,0.21583,0.223487,0.577500,0.154846,439.00,2290.00,2729.00
